source name	characteristics[organism]	characteristics[organism part]	characteristics[disease]	characteristics[age]	characteristics[sex]	characteristics[individual]	characteristics[biological replicate]	characteristics[sample type]	characteristics[sample matrix]	assay name	technology type	comment[technical replicate]	comment[data file]	comment[file uri]	comment[platform]	comment[panel version]	comment[quantification unit]	comment[plate]	comment[normalization method]	comment[somascan menu]	comment[somascan platform]	comment[sdrf version]	comment[sdrf annotation tool]
PAD000003-C126_positive_7	Homo sapiens	Blood plasma	not available	not available	not available	C126	1	not applicable	blood plasma	PAD000003-r00001-C126_positive_7	protein expression profiling by aptamer array	1	raw_data.adat	ftp://ftp.pride.ebi.ac.uk/pride/data/archive/2025/03/PAD000003/raw_data.adat	SomaScan Assay	v4.1	RFU	P0029868	Raw RFU, Hyb Normalization, medNormInt (SampleId), plateScale, Calibration, medNormSMP	SomaScan 7K	SomaScan Assay v4.1	v1.1.0	NT=sdrf-skills-autoresearch;VV=v0.0.0
PAD000003-C146_positive_18	Homo sapiens	Blood plasma	not available	not available	not available	C146	2	not applicable	blood plasma	PAD000003-r00002-C146_positive_18	protein expression profiling by aptamer array	1	raw_data.adat	ftp://ftp.pride.ebi.ac.uk/pride/data/archive/2025/03/PAD000003/raw_data.adat	SomaScan Assay	v4.1	RFU	P0029868	Raw RFU, Hyb Normalization, medNormInt (SampleId), plateScale, Calibration, medNormSMP	SomaScan 7K	SomaScan Assay v4.1	v1.1.0	NT=sdrf-skills-autoresearch;VV=v0.0.0
PAD000003-C89_negative	Homo sapiens	Blood plasma	not available	not available	not available	C89	3	not applicable	blood plasma	PAD000003-r00003-C89_negative	protein expression profiling by aptamer array	1	raw_data.adat	ftp://ftp.pride.ebi.ac.uk/pride/data/archive/2025/03/PAD000003/raw_data.adat	SomaScan Assay	v4.1	RFU	P0029868	Raw RFU, Hyb Normalization, medNormInt (SampleId), plateScale, Calibration, medNormSMP	SomaScan 7K	SomaScan Assay v4.1	v1.1.0	NT=sdrf-skills-autoresearch;VV=v0.0.0
PAD000003-C132_positive_19	Homo sapiens	Blood plasma	not available	not available	not available	C132	4	not applicable	blood plasma	PAD000003-r00004-C132_positive_19	protein expression profiling by aptamer array	1	raw_data.adat	ftp://ftp.pride.ebi.ac.uk/pride/data/archive/2025/03/PAD000003/raw_data.adat	SomaScan Assay	v4.1	RFU	P0029868	Raw RFU, Hyb Normalization, medNormInt (SampleId), plateScale, Calibration, medNormSMP	SomaScan 7K	SomaScan Assay v4.1	v1.1.0	NT=sdrf-skills-autoresearch;VV=v0.0.0
PAD000003-C169_positive_4	Homo sapiens	Blood plasma	not available	not available	not available	C169	5	not applicable	blood plasma	PAD000003-r00005-C169_positive_4	protein expression profiling by aptamer array	1	raw_data.adat	ftp://ftp.pride.ebi.ac.uk/pride/data/archive/2025/03/PAD000003/raw_data.adat	SomaScan Assay	v4.1	RFU	P0029868	Raw RFU, Hyb Normalization, medNormInt (SampleId), plateScale, Calibration, medNormSMP	SomaScan 7K	SomaScan Assay v4.1	v1.1.0	NT=sdrf-skills-autoresearch;VV=v0.0.0
PAD000003-C60_positive_4	Homo sapiens	Blood plasma	not available	not available	not available	C60	6	not applicable	blood plasma	PAD000003-r00006-C60_positive_4	protein expression profiling by aptamer array	1	raw_data.adat	ftp://ftp.pride.ebi.ac.uk/pride/data/archive/2025/03/PAD000003/raw_data.adat	SomaScan Assay	v4.1	RFU	P0029868	Raw RFU, Hyb Normalization, medNormInt (SampleId), plateScale, Calibration, medNormSMP	SomaScan 7K	SomaScan Assay v4.1	v1.1.0	NT=sdrf-skills-autoresearch;VV=v0.0.0
PAD000003-C23_positive_13	Homo sapiens	Blood plasma	not available	not available	not available	C23	7	not applicable	blood plasma	PAD000003-r00007-C23_positive_13	protein expression profiling by aptamer array	1	raw_data.adat	ftp://ftp.pride.ebi.ac.uk/pride/data/archive/2025/03/PAD000003/raw_data.adat	SomaScan Assay	v4.1	RFU	P0029868	Raw RFU, Hyb Normalization, medNormInt (SampleId), plateScale, Calibration, medNormSMP	SomaScan 7K	SomaScan Assay v4.1	v1.1.0	NT=sdrf-skills-autoresearch;VV=v0.0.0
PAD000003-C139_positive_25	Homo sapiens	Blood plasma	not available	not available	not available	C139	8	not applicable	blood plasma	PAD000003-r00008-C139_positive_25	protein expression profiling by aptamer array	1	raw_data.adat	ftp://ftp.pride.ebi.ac.uk/pride/data/archive/2025/03/PAD000003/raw_data.adat	SomaScan Assay	v4.1	RFU	P0029868	Raw RFU, Hyb Normalization, medNormInt (SampleId), plateScale, Calibration, medNormSMP	SomaScan 7K	SomaScan Assay v4.1	v1.1.0	NT=sdrf-skills-autoresearch;VV=v0.0.0
PAD000003-C87_positive_13	Homo sapiens	Blood plasma	not available	not available	not available	C87	9	not applicable	blood plasma	PAD000003-r00009-C87_positive_13	protein expression profiling by aptamer array	1	raw_data.adat	ftp://ftp.pride.ebi.ac.uk/pride/data/archive/2025/03/PAD000003/raw_data.adat	SomaScan Assay	v4.1	RFU	P0029868	Raw RFU, Hyb Normalization, medNormInt (SampleId), plateScale, Calibration, medNormSMP	SomaScan 7K	SomaScan Assay v4.1	v1.1.0	NT=sdrf-skills-autoresearch;VV=v0.0.0
PAD000003-C147_positive_2	Homo sapiens	Blood plasma	not available	not available	not available	C147	10	not applicable	blood plasma	PAD000003-r00010-C147_positive_2	protein expression profiling by aptamer array	1	raw_data.adat	ftp://ftp.pride.ebi.ac.uk/pride/data/archive/2025/03/PAD000003/raw_data.adat	SomaScan Assay	v4.1	RFU	P0029868	Raw RFU, Hyb Normalization, medNormInt (SampleId), plateScale, Calibration, medNormSMP	SomaScan 7K	SomaScan Assay v4.1	v1.1.0	NT=sdrf-skills-autoresearch;VV=v0.0.0
PAD000003-C40_positive_9	Homo sapiens	Blood plasma	not available	not available	not available	C40	11	not applicable	blood plasma	PAD000003-r00011-C40_positive_9	protein expression profiling by aptamer array	1	raw_data.adat	ftp://ftp.pride.ebi.ac.uk/pride/data/archive/2025/03/PAD000003/raw_data.adat	SomaScan Assay	v4.1	RFU	P0029868	Raw RFU, Hyb Normalization, medNormInt (SampleId), plateScale, Calibration, medNormSMP	SomaScan 7K	SomaScan Assay v4.1	v1.1.0	NT=sdrf-skills-autoresearch;VV=v0.0.0
PAD000003-C124_positive_12	Homo sapiens	Blood plasma	not available	not available	not available	C124	12	not applicable	blood plasma	PAD000003-r00012-C124_positive_12	protein expression profiling by aptamer array	1	raw_data.adat	ftp://ftp.pride.ebi.ac.uk/pride/data/archive/2025/03/PAD000003/raw_data.adat	SomaScan Assay	v4.1	RFU	P0029868	Raw RFU, Hyb Normalization, medNormInt (SampleId), plateScale, Calibration, medNormSMP	SomaScan 7K	SomaScan Assay v4.1	v1.1.0	NT=sdrf-skills-autoresearch;VV=v0.0.0
PAD000003-C85_negative	Homo sapiens	Blood plasma	not available	not available	not available	C85	13	not applicable	blood plasma	PAD000003-r00013-C85_negative	protein expression profiling by aptamer array	1	raw_data.adat	ftp://ftp.pride.ebi.ac.uk/pride/data/archive/2025/03/PAD000003/raw_data.adat	SomaScan Assay	v4.1	RFU	P0029868	Raw RFU, Hyb Normalization, medNormInt (SampleId), plateScale, Calibration, medNormSMP	SomaScan 7K	SomaScan Assay v4.1	v1.1.0	NT=sdrf-skills-autoresearch;VV=v0.0.0
PAD000003-C116_positive_4	Homo sapiens	Blood plasma	not available	not available	not available	C116	14	not applicable	blood plasma	PAD000003-r00014-C116_positive_4	protein expression profiling by aptamer array	1	raw_data.adat	ftp://ftp.pride.ebi.ac.uk/pride/data/archive/2025/03/PAD000003/raw_data.adat	SomaScan Assay	v4.1	RFU	P0029868	Raw RFU, Hyb Normalization, medNormInt (SampleId), plateScale, Calibration, medNormSMP	SomaScan 7K	SomaScan Assay v4.1	v1.1.0	NT=sdrf-skills-autoresearch;VV=v0.0.0
PAD000003-C63_positive_17	Homo sapiens	Blood plasma	not available	not available	not available	C63	15	not applicable	blood plasma	PAD000003-r00015-C63_positive_17	protein expression profiling by aptamer array	1	raw_data.adat	ftp://ftp.pride.ebi.ac.uk/pride/data/archive/2025/03/PAD000003/raw_data.adat	SomaScan Assay	v4.1	RFU	P0029868	Raw RFU, Hyb Normalization, medNormInt (SampleId), plateScale, Calibration, medNormSMP	SomaScan 7K	SomaScan Assay v4.1	v1.1.0	NT=sdrf-skills-autoresearch;VV=v0.0.0
PAD000003-C20_positive_8	Homo sapiens	Blood plasma	not available	not available	not available	C20	16	not applicable	blood plasma	PAD000003-r00016-C20_positive_8	protein expression profiling by aptamer array	1	raw_data.adat	ftp://ftp.pride.ebi.ac.uk/pride/data/archive/2025/03/PAD000003/raw_data.adat	SomaScan Assay	v4.1	RFU	P0029868	Raw RFU, Hyb Normalization, medNormInt (SampleId), plateScale, Calibration, medNormSMP	SomaScan 7K	SomaScan Assay v4.1	v1.1.0	NT=sdrf-skills-autoresearch;VV=v0.0.0
PAD000003-C169_positive_7	Homo sapiens	Blood plasma	not available	not available	not available	C169	17	not applicable	blood plasma	PAD000003-r00017-C169_positive_7	protein expression profiling by aptamer array	1	raw_data.adat	ftp://ftp.pride.ebi.ac.uk/pride/data/archive/2025/03/PAD000003/raw_data.adat	SomaScan Assay	v4.1	RFU	P0029868	Raw RFU, Hyb Normalization, medNormInt (SampleId), plateScale, Calibration, medNormSMP	SomaScan 7K	SomaScan Assay v4.1	v1.1.0	NT=sdrf-skills-autoresearch;VV=v0.0.0
PAD000003-C145_positive_11	Homo sapiens	Blood plasma	not available	not available	not available	C145	18	not applicable	blood plasma	PAD000003-r00018-C145_positive_11	protein expression profiling by aptamer array	1	raw_data.adat	ftp://ftp.pride.ebi.ac.uk/pride/data/archive/2025/03/PAD000003/raw_data.adat	SomaScan Assay	v4.1	RFU	P0029868	Raw RFU, Hyb Normalization, medNormInt (SampleId), plateScale, Calibration, medNormSMP	SomaScan 7K	SomaScan Assay v4.1	v1.1.0	NT=sdrf-skills-autoresearch;VV=v0.0.0
PAD000003-C73_positive_7	Homo sapiens	Blood plasma	not available	not available	not available	C73	19	not applicable	blood plasma	PAD000003-r00019-C73_positive_7	protein expression profiling by aptamer array	1	raw_data.adat	ftp://ftp.pride.ebi.ac.uk/pride/data/archive/2025/03/PAD000003/raw_data.adat	SomaScan Assay	v4.1	RFU	P0029868	Raw RFU, Hyb Normalization, medNormInt (SampleId), plateScale, Calibration, medNormSMP	SomaScan 7K	SomaScan Assay v4.1	v1.1.0	NT=sdrf-skills-autoresearch;VV=v0.0.0
PAD000003-C33_negative	Homo sapiens	Blood plasma	not available	not available	not available	C33	20	not applicable	blood plasma	PAD000003-r00020-C33_negative	protein expression profiling by aptamer array	1	raw_data.adat	ftp://ftp.pride.ebi.ac.uk/pride/data/archive/2025/03/PAD000003/raw_data.adat	SomaScan Assay	v4.1	RFU	P0029868	Raw RFU, Hyb Normalization, medNormInt (SampleId), plateScale, Calibration, medNormSMP	SomaScan 7K	SomaScan Assay v4.1	v1.1.0	NT=sdrf-skills-autoresearch;VV=v0.0.0
PAD000003-C127_positive_21	Homo sapiens	Blood plasma	not available	not available	not available	C127	21	not applicable	blood plasma	PAD000003-r00021-C127_positive_21	protein expression profiling by aptamer array	1	raw_data.adat	ftp://ftp.pride.ebi.ac.uk/pride/data/archive/2025/03/PAD000003/raw_data.adat	SomaScan Assay	v4.1	RFU	P0029868	Raw RFU, Hyb Normalization, medNormInt (SampleId), plateScale, Calibration, medNormSMP	SomaScan 7K	SomaScan Assay v4.1	v1.1.0	NT=sdrf-skills-autoresearch;VV=v0.0.0
PAD000003-C138_positive_7	Homo sapiens	Blood plasma	not available	not available	not available	C138	22	not applicable	blood plasma	PAD000003-r00022-C138_positive_7	protein expression profiling by aptamer array	1	raw_data.adat	ftp://ftp.pride.ebi.ac.uk/pride/data/archive/2025/03/PAD000003/raw_data.adat	SomaScan Assay	v4.1	RFU	P0029868	Raw RFU, Hyb Normalization, medNormInt (SampleId), plateScale, Calibration, medNormSMP	SomaScan 7K	SomaScan Assay v4.1	v1.1.0	NT=sdrf-skills-autoresearch;VV=v0.0.0
PAD000003-C170_positive_9	Homo sapiens	Blood plasma	not available	not available	not available	C170	23	not applicable	blood plasma	PAD000003-r00023-C170_positive_9	protein expression profiling by aptamer array	1	raw_data.adat	ftp://ftp.pride.ebi.ac.uk/pride/data/archive/2025/03/PAD000003/raw_data.adat	SomaScan Assay	v4.1	RFU	P0029868	Raw RFU, Hyb Normalization, medNormInt (SampleId), plateScale, Calibration, medNormSMP	SomaScan 7K	SomaScan Assay v4.1	v1.1.0	NT=sdrf-skills-autoresearch;VV=v0.0.0
PAD000003-C168_positive_7	Homo sapiens	Blood plasma	not available	not available	not available	C168	24	not applicable	blood plasma	PAD000003-r00024-C168_positive_7	protein expression profiling by aptamer array	1	raw_data.adat	ftp://ftp.pride.ebi.ac.uk/pride/data/archive/2025/03/PAD000003/raw_data.adat	SomaScan Assay	v4.1	RFU	P0029868	Raw RFU, Hyb Normalization, medNormInt (SampleId), plateScale, Calibration, medNormSMP	SomaScan 7K	SomaScan Assay v4.1	v1.1.0	NT=sdrf-skills-autoresearch;VV=v0.0.0
PAD000003-C139_positive_13	Homo sapiens	Blood plasma	not available	not available	not available	C139	25	not applicable	blood plasma	PAD000003-r00025-C139_positive_13	protein expression profiling by aptamer array	1	raw_data.adat	ftp://ftp.pride.ebi.ac.uk/pride/data/archive/2025/03/PAD000003/raw_data.adat	SomaScan Assay	v4.1	RFU	P0029868	Raw RFU, Hyb Normalization, medNormInt (SampleId), plateScale, Calibration, medNormSMP	SomaScan 7K	SomaScan Assay v4.1	v1.1.0	NT=sdrf-skills-autoresearch;VV=v0.0.0
PAD000003-C127_positive_14	Homo sapiens	Blood plasma	not available	not available	not available	C127	26	not applicable	blood plasma	PAD000003-r00026-C127_positive_14	protein expression profiling by aptamer array	1	raw_data.adat	ftp://ftp.pride.ebi.ac.uk/pride/data/archive/2025/03/PAD000003/raw_data.adat	SomaScan Assay	v4.1	RFU	P0029868	Raw RFU, Hyb Normalization, medNormInt (SampleId), plateScale, Calibration, medNormSMP	SomaScan 7K	SomaScan Assay v4.1	v1.1.0	NT=sdrf-skills-autoresearch;VV=v0.0.0
PAD000003-C123_positive_18	Homo sapiens	Blood plasma	not available	not available	not available	C123	27	not applicable	blood plasma	PAD000003-r00027-C123_positive_18	protein expression profiling by aptamer array	1	raw_data.adat	ftp://ftp.pride.ebi.ac.uk/pride/data/archive/2025/03/PAD000003/raw_data.adat	SomaScan Assay	v4.1	RFU	P0029868	Raw RFU, Hyb Normalization, medNormInt (SampleId), plateScale, Calibration, medNormSMP	SomaScan 7K	SomaScan Assay v4.1	v1.1.0	NT=sdrf-skills-autoresearch;VV=v0.0.0
PAD000003-C33_positive_2	Homo sapiens	Blood plasma	not available	not available	not available	C33	28	not applicable	blood plasma	PAD000003-r00028-C33_positive_2	protein expression profiling by aptamer array	1	raw_data.adat	ftp://ftp.pride.ebi.ac.uk/pride/data/archive/2025/03/PAD000003/raw_data.adat	SomaScan Assay	v4.1	RFU	P0029868	Raw RFU, Hyb Normalization, medNormInt (SampleId), plateScale, Calibration, medNormSMP	SomaScan 7K	SomaScan Assay v4.1	v1.1.0	NT=sdrf-skills-autoresearch;VV=v0.0.0
PAD000003-C108_positive_5	Homo sapiens	Blood plasma	not available	not available	not available	C108	29	not applicable	blood plasma	PAD000003-r00029-C108_positive_5	protein expression profiling by aptamer array	1	raw_data.adat	ftp://ftp.pride.ebi.ac.uk/pride/data/archive/2025/03/PAD000003/raw_data.adat	SomaScan Assay	v4.1	RFU	P0029868	Raw RFU, Hyb Normalization, medNormInt (SampleId), plateScale, Calibration, medNormSMP	SomaScan 7K	SomaScan Assay v4.1	v1.1.0	NT=sdrf-skills-autoresearch;VV=v0.0.0
PAD000003-C196_negative	Homo sapiens	Blood plasma	not available	not available	not available	C196	30	not applicable	blood plasma	PAD000003-r00030-C196_negative	protein expression profiling by aptamer array	1	raw_data.adat	ftp://ftp.pride.ebi.ac.uk/pride/data/archive/2025/03/PAD000003/raw_data.adat	SomaScan Assay	v4.1	RFU	P0029868	Raw RFU, Hyb Normalization, medNormInt (SampleId), plateScale, Calibration, medNormSMP	SomaScan 7K	SomaScan Assay v4.1	v1.1.0	NT=sdrf-skills-autoresearch;VV=v0.0.0
PAD000003-C82_positive_11	Homo sapiens	Blood plasma	not available	not available	not available	C82	31	not applicable	blood plasma	PAD000003-r00031-C82_positive_11	protein expression profiling by aptamer array	1	raw_data.adat	ftp://ftp.pride.ebi.ac.uk/pride/data/archive/2025/03/PAD000003/raw_data.adat	SomaScan Assay	v4.1	RFU	P0029868	Raw RFU, Hyb Normalization, medNormInt (SampleId), plateScale, Calibration, medNormSMP	SomaScan 7K	SomaScan Assay v4.1	v1.1.0	NT=sdrf-skills-autoresearch;VV=v0.0.0
PAD000003-C193_negative	Homo sapiens	Blood plasma	not available	not available	not available	C193	32	not applicable	blood plasma	PAD000003-r00032-C193_negative	protein expression profiling by aptamer array	1	raw_data.adat	ftp://ftp.pride.ebi.ac.uk/pride/data/archive/2025/03/PAD000003/raw_data.adat	SomaScan Assay	v4.1	RFU	P0029868	Raw RFU, Hyb Normalization, medNormInt (SampleId), plateScale, Calibration, medNormSMP	SomaScan 7K	SomaScan Assay v4.1	v1.1.0	NT=sdrf-skills-autoresearch;VV=v0.0.0
PAD000003-C163_negative	Homo sapiens	Blood plasma	not available	not available	not available	C163	33	not applicable	blood plasma	PAD000003-r00033-C163_negative	protein expression profiling by aptamer array	1	raw_data.adat	ftp://ftp.pride.ebi.ac.uk/pride/data/archive/2025/03/PAD000003/raw_data.adat	SomaScan Assay	v4.1	RFU	P0029868	Raw RFU, Hyb Normalization, medNormInt (SampleId), plateScale, Calibration, medNormSMP	SomaScan 7K	SomaScan Assay v4.1	v1.1.0	NT=sdrf-skills-autoresearch;VV=v0.0.0
PAD000003-C23_positive_20	Homo sapiens	Blood plasma	not available	not available	not available	C23	34	not applicable	blood plasma	PAD000003-r00034-C23_positive_20	protein expression profiling by aptamer array	1	raw_data.adat	ftp://ftp.pride.ebi.ac.uk/pride/data/archive/2025/03/PAD000003/raw_data.adat	SomaScan Assay	v4.1	RFU	P0029868	Raw RFU, Hyb Normalization, medNormInt (SampleId), plateScale, Calibration, medNormSMP	SomaScan 7K	SomaScan Assay v4.1	v1.1.0	NT=sdrf-skills-autoresearch;VV=v0.0.0
PAD000003-C145_positive_14	Homo sapiens	Blood plasma	not available	not available	not available	C145	35	not applicable	blood plasma	PAD000003-r00035-C145_positive_14	protein expression profiling by aptamer array	1	raw_data.adat	ftp://ftp.pride.ebi.ac.uk/pride/data/archive/2025/03/PAD000003/raw_data.adat	SomaScan Assay	v4.1	RFU	P0029868	Raw RFU, Hyb Normalization, medNormInt (SampleId), plateScale, Calibration, medNormSMP	SomaScan 7K	SomaScan Assay v4.1	v1.1.0	NT=sdrf-skills-autoresearch;VV=v0.0.0
PAD000003-C145_negative	Homo sapiens	Blood plasma	not available	not available	not available	C145	36	not applicable	blood plasma	PAD000003-r00036-C145_negative	protein expression profiling by aptamer array	1	raw_data.adat	ftp://ftp.pride.ebi.ac.uk/pride/data/archive/2025/03/PAD000003/raw_data.adat	SomaScan Assay	v4.1	RFU	P0029868	Raw RFU, Hyb Normalization, medNormInt (SampleId), plateScale, Calibration, medNormSMP	SomaScan 7K	SomaScan Assay v4.1	v1.1.0	NT=sdrf-skills-autoresearch;VV=v0.0.0
PAD000003-C73_positive_14	Homo sapiens	Blood plasma	not available	not available	not available	C73	37	not applicable	blood plasma	PAD000003-r00037-C73_positive_14	protein expression profiling by aptamer array	1	raw_data.adat	ftp://ftp.pride.ebi.ac.uk/pride/data/archive/2025/03/PAD000003/raw_data.adat	SomaScan Assay	v4.1	RFU	P0029868	Raw RFU, Hyb Normalization, medNormInt (SampleId), plateScale, Calibration, medNormSMP	SomaScan 7K	SomaScan Assay v4.1	v1.1.0	NT=sdrf-skills-autoresearch;VV=v0.0.0
PAD000003-C49_positive_2	Homo sapiens	Blood plasma	not available	not available	not available	C49	38	not applicable	blood plasma	PAD000003-r00038-C49_positive_2	protein expression profiling by aptamer array	1	raw_data.adat	ftp://ftp.pride.ebi.ac.uk/pride/data/archive/2025/03/PAD000003/raw_data.adat	SomaScan Assay	v4.1	RFU	P0029868	Raw RFU, Hyb Normalization, medNormInt (SampleId), plateScale, Calibration, medNormSMP	SomaScan 7K	SomaScan Assay v4.1	v1.1.0	NT=sdrf-skills-autoresearch;VV=v0.0.0
PAD000003-C58_positive_5	Homo sapiens	Blood plasma	not available	not available	not available	C58	39	not applicable	blood plasma	PAD000003-r00039-C58_positive_5	protein expression profiling by aptamer array	1	raw_data.adat	ftp://ftp.pride.ebi.ac.uk/pride/data/archive/2025/03/PAD000003/raw_data.adat	SomaScan Assay	v4.1	RFU	P0029868	Raw RFU, Hyb Normalization, medNormInt (SampleId), plateScale, Calibration, medNormSMP	SomaScan 7K	SomaScan Assay v4.1	v1.1.0	NT=sdrf-skills-autoresearch;VV=v0.0.0
PAD000003-C101_positive_18	Homo sapiens	Blood plasma	not available	not available	not available	C101	40	not applicable	blood plasma	PAD000003-r00040-C101_positive_18	protein expression profiling by aptamer array	1	raw_data.adat	ftp://ftp.pride.ebi.ac.uk/pride/data/archive/2025/03/PAD000003/raw_data.adat	SomaScan Assay	v4.1	RFU	P0029868	Raw RFU, Hyb Normalization, medNormInt (SampleId), plateScale, Calibration, medNormSMP	SomaScan 7K	SomaScan Assay v4.1	v1.1.0	NT=sdrf-skills-autoresearch;VV=v0.0.0
PAD000003-C140_positive_14	Homo sapiens	Blood plasma	not available	not available	not available	C140	41	not applicable	blood plasma	PAD000003-r00041-C140_positive_14	protein expression profiling by aptamer array	1	raw_data.adat	ftp://ftp.pride.ebi.ac.uk/pride/data/archive/2025/03/PAD000003/raw_data.adat	SomaScan Assay	v4.1	RFU	P0029868	Raw RFU, Hyb Normalization, medNormInt (SampleId), plateScale, Calibration, medNormSMP	SomaScan 7K	SomaScan Assay v4.1	v1.1.0	NT=sdrf-skills-autoresearch;VV=v0.0.0
PAD000003-C168_positive_17	Homo sapiens	Blood plasma	not available	not available	not available	C168	42	not applicable	blood plasma	PAD000003-r00042-C168_positive_17	protein expression profiling by aptamer array	1	raw_data.adat	ftp://ftp.pride.ebi.ac.uk/pride/data/archive/2025/03/PAD000003/raw_data.adat	SomaScan Assay	v4.1	RFU	P0029868	Raw RFU, Hyb Normalization, medNormInt (SampleId), plateScale, Calibration, medNormSMP	SomaScan 7K	SomaScan Assay v4.1	v1.1.0	NT=sdrf-skills-autoresearch;VV=v0.0.0
PAD000003-C104_negative	Homo sapiens	Blood plasma	not available	not available	not available	C104	43	not applicable	blood plasma	PAD000003-r00043-C104_negative	protein expression profiling by aptamer array	1	raw_data.adat	ftp://ftp.pride.ebi.ac.uk/pride/data/archive/2025/03/PAD000003/raw_data.adat	SomaScan Assay	v4.1	RFU	P0029868	Raw RFU, Hyb Normalization, medNormInt (SampleId), plateScale, Calibration, medNormSMP	SomaScan 7K	SomaScan Assay v4.1	v1.1.0	NT=sdrf-skills-autoresearch;VV=v0.0.0
PAD000003-C137_positive_9	Homo sapiens	Blood plasma	not available	not available	not available	C137	44	not applicable	blood plasma	PAD000003-r00044-C137_positive_9	protein expression profiling by aptamer array	1	raw_data.adat	ftp://ftp.pride.ebi.ac.uk/pride/data/archive/2025/03/PAD000003/raw_data.adat	SomaScan Assay	v4.1	RFU	P0029868	Raw RFU, Hyb Normalization, medNormInt (SampleId), plateScale, Calibration, medNormSMP	SomaScan 7K	SomaScan Assay v4.1	v1.1.0	NT=sdrf-skills-autoresearch;VV=v0.0.0
PAD000003-C169_negative	Homo sapiens	Blood plasma	not available	not available	not available	C169	45	not applicable	blood plasma	PAD000003-r00045-C169_negative	protein expression profiling by aptamer array	1	raw_data.adat	ftp://ftp.pride.ebi.ac.uk/pride/data/archive/2025/03/PAD000003/raw_data.adat	SomaScan Assay	v4.1	RFU	P0029868	Raw RFU, Hyb Normalization, medNormInt (SampleId), plateScale, Calibration, medNormSMP	SomaScan 7K	SomaScan Assay v4.1	v1.1.0	NT=sdrf-skills-autoresearch;VV=v0.0.0
PAD000003-C139_positive_11	Homo sapiens	Blood plasma	not available	not available	not available	C139	46	not applicable	blood plasma	PAD000003-r00046-C139_positive_11	protein expression profiling by aptamer array	1	raw_data.adat	ftp://ftp.pride.ebi.ac.uk/pride/data/archive/2025/03/PAD000003/raw_data.adat	SomaScan Assay	v4.1	RFU	P0029868	Raw RFU, Hyb Normalization, medNormInt (SampleId), plateScale, Calibration, medNormSMP	SomaScan 7K	SomaScan Assay v4.1	v1.1.0	NT=sdrf-skills-autoresearch;VV=v0.0.0
PAD000003-C68_positive_5	Homo sapiens	Blood plasma	not available	not available	not available	C68	47	not applicable	blood plasma	PAD000003-r00047-C68_positive_5	protein expression profiling by aptamer array	1	raw_data.adat	ftp://ftp.pride.ebi.ac.uk/pride/data/archive/2025/03/PAD000003/raw_data.adat	SomaScan Assay	v4.1	RFU	P0029868	Raw RFU, Hyb Normalization, medNormInt (SampleId), plateScale, Calibration, medNormSMP	SomaScan 7K	SomaScan Assay v4.1	v1.1.0	NT=sdrf-skills-autoresearch;VV=v0.0.0
PAD000003-C138_positive_12	Homo sapiens	Blood plasma	not available	not available	not available	C138	48	not applicable	blood plasma	PAD000003-r00048-C138_positive_12	protein expression profiling by aptamer array	1	raw_data.adat	ftp://ftp.pride.ebi.ac.uk/pride/data/archive/2025/03/PAD000003/raw_data.adat	SomaScan Assay	v4.1	RFU	P0029868	Raw RFU, Hyb Normalization, medNormInt (SampleId), plateScale, Calibration, medNormSMP	SomaScan 7K	SomaScan Assay v4.1	v1.1.0	NT=sdrf-skills-autoresearch;VV=v0.0.0
PAD000003-C187_positive_19	Homo sapiens	Blood plasma	not available	not available	not available	C187	49	not applicable	blood plasma	PAD000003-r00049-C187_positive_19	protein expression profiling by aptamer array	1	raw_data.adat	ftp://ftp.pride.ebi.ac.uk/pride/data/archive/2025/03/PAD000003/raw_data.adat	SomaScan Assay	v4.1	RFU	P0029868	Raw RFU, Hyb Normalization, medNormInt (SampleId), plateScale, Calibration, medNormSMP	SomaScan 7K	SomaScan Assay v4.1	v1.1.0	NT=sdrf-skills-autoresearch;VV=v0.0.0
PAD000003-C132_positive_10	Homo sapiens	Blood plasma	not available	not available	not available	C132	50	not applicable	blood plasma	PAD000003-r00050-C132_positive_10	protein expression profiling by aptamer array	1	raw_data.adat	ftp://ftp.pride.ebi.ac.uk/pride/data/archive/2025/03/PAD000003/raw_data.adat	SomaScan Assay	v4.1	RFU	P0029868	Raw RFU, Hyb Normalization, medNormInt (SampleId), plateScale, Calibration, medNormSMP	SomaScan 7K	SomaScan Assay v4.1	v1.1.0	NT=sdrf-skills-autoresearch;VV=v0.0.0
PAD000003-C108_positive_7	Homo sapiens	Blood plasma	not available	not available	not available	C108	51	not applicable	blood plasma	PAD000003-r00051-C108_positive_7	protein expression profiling by aptamer array	1	raw_data.adat	ftp://ftp.pride.ebi.ac.uk/pride/data/archive/2025/03/PAD000003/raw_data.adat	SomaScan Assay	v4.1	RFU	P0029868	Raw RFU, Hyb Normalization, medNormInt (SampleId), plateScale, Calibration, medNormSMP	SomaScan 7K	SomaScan Assay v4.1	v1.1.0	NT=sdrf-skills-autoresearch;VV=v0.0.0
PAD000003-C147_positive_14	Homo sapiens	Blood plasma	not available	not available	not available	C147	52	not applicable	blood plasma	PAD000003-r00052-C147_positive_14	protein expression profiling by aptamer array	1	raw_data.adat	ftp://ftp.pride.ebi.ac.uk/pride/data/archive/2025/03/PAD000003/raw_data.adat	SomaScan Assay	v4.1	RFU	P0029868	Raw RFU, Hyb Normalization, medNormInt (SampleId), plateScale, Calibration, medNormSMP	SomaScan 7K	SomaScan Assay v4.1	v1.1.0	NT=sdrf-skills-autoresearch;VV=v0.0.0
PAD000003-C37_positive_9	Homo sapiens	Blood plasma	not available	not available	not available	C37	53	not applicable	blood plasma	PAD000003-r00053-C37_positive_9	protein expression profiling by aptamer array	1	raw_data.adat	ftp://ftp.pride.ebi.ac.uk/pride/data/archive/2025/03/PAD000003/raw_data.adat	SomaScan Assay	v4.1	RFU	P0029868	Raw RFU, Hyb Normalization, medNormInt (SampleId), plateScale, Calibration, medNormSMP	SomaScan 7K	SomaScan Assay v4.1	v1.1.0	NT=sdrf-skills-autoresearch;VV=v0.0.0
PAD000003-C93_positive_7	Homo sapiens	Blood plasma	not available	not available	not available	C93	54	not applicable	blood plasma	PAD000003-r00054-C93_positive_7	protein expression profiling by aptamer array	1	raw_data.adat	ftp://ftp.pride.ebi.ac.uk/pride/data/archive/2025/03/PAD000003/raw_data.adat	SomaScan Assay	v4.1	RFU	P0029868	Raw RFU, Hyb Normalization, medNormInt (SampleId), plateScale, Calibration, medNormSMP	SomaScan 7K	SomaScan Assay v4.1	v1.1.0	NT=sdrf-skills-autoresearch;VV=v0.0.0
PAD000003-C161_negative	Homo sapiens	Blood plasma	not available	not available	not available	C161	55	not applicable	blood plasma	PAD000003-r00055-C161_negative	protein expression profiling by aptamer array	1	raw_data.adat	ftp://ftp.pride.ebi.ac.uk/pride/data/archive/2025/03/PAD000003/raw_data.adat	SomaScan Assay	v4.1	RFU	P0029868	Raw RFU, Hyb Normalization, medNormInt (SampleId), plateScale, Calibration, medNormSMP	SomaScan 7K	SomaScan Assay v4.1	v1.1.0	NT=sdrf-skills-autoresearch;VV=v0.0.0
PAD000003-C187_positive_16	Homo sapiens	Blood plasma	not available	not available	not available	C187	56	not applicable	blood plasma	PAD000003-r00056-C187_positive_16	protein expression profiling by aptamer array	1	raw_data.adat	ftp://ftp.pride.ebi.ac.uk/pride/data/archive/2025/03/PAD000003/raw_data.adat	SomaScan Assay	v4.1	RFU	P0029868	Raw RFU, Hyb Normalization, medNormInt (SampleId), plateScale, Calibration, medNormSMP	SomaScan 7K	SomaScan Assay v4.1	v1.1.0	NT=sdrf-skills-autoresearch;VV=v0.0.0
PAD000003-C142_negative	Homo sapiens	Blood plasma	not available	not available	not available	C142	57	not applicable	blood plasma	PAD000003-r00057-C142_negative	protein expression profiling by aptamer array	1	raw_data.adat	ftp://ftp.pride.ebi.ac.uk/pride/data/archive/2025/03/PAD000003/raw_data.adat	SomaScan Assay	v4.1	RFU	P0029868	Raw RFU, Hyb Normalization, medNormInt (SampleId), plateScale, Calibration, medNormSMP	SomaScan 7K	SomaScan Assay v4.1	v1.1.0	NT=sdrf-skills-autoresearch;VV=v0.0.0
PAD000003-C124_positive_16	Homo sapiens	Blood plasma	not available	not available	not available	C124	58	not applicable	blood plasma	PAD000003-r00058-C124_positive_16	protein expression profiling by aptamer array	1	raw_data.adat	ftp://ftp.pride.ebi.ac.uk/pride/data/archive/2025/03/PAD000003/raw_data.adat	SomaScan Assay	v4.1	RFU	P0029868	Raw RFU, Hyb Normalization, medNormInt (SampleId), plateScale, Calibration, medNormSMP	SomaScan 7K	SomaScan Assay v4.1	v1.1.0	NT=sdrf-skills-autoresearch;VV=v0.0.0
PAD000003-C190_positive_9	Homo sapiens	Blood plasma	not available	not available	not available	C190	59	not applicable	blood plasma	PAD000003-r00059-C190_positive_9	protein expression profiling by aptamer array	1	raw_data.adat	ftp://ftp.pride.ebi.ac.uk/pride/data/archive/2025/03/PAD000003/raw_data.adat	SomaScan Assay	v4.1	RFU	P0029868	Raw RFU, Hyb Normalization, medNormInt (SampleId), plateScale, Calibration, medNormSMP	SomaScan 7K	SomaScan Assay v4.1	v1.1.0	NT=sdrf-skills-autoresearch;VV=v0.0.0
PAD000003-C128_positive_21	Homo sapiens	Blood plasma	not available	not available	not available	C128	60	not applicable	blood plasma	PAD000003-r00060-C128_positive_21	protein expression profiling by aptamer array	1	raw_data.adat	ftp://ftp.pride.ebi.ac.uk/pride/data/archive/2025/03/PAD000003/raw_data.adat	SomaScan Assay	v4.1	RFU	P0029868	Raw RFU, Hyb Normalization, medNormInt (SampleId), plateScale, Calibration, medNormSMP	SomaScan 7K	SomaScan Assay v4.1	v1.1.0	NT=sdrf-skills-autoresearch;VV=v0.0.0
PAD000003-C169_positive_10	Homo sapiens	Blood plasma	not available	not available	not available	C169	61	not applicable	blood plasma	PAD000003-r00061-C169_positive_10	protein expression profiling by aptamer array	1	raw_data.adat	ftp://ftp.pride.ebi.ac.uk/pride/data/archive/2025/03/PAD000003/raw_data.adat	SomaScan Assay	v4.1	RFU	P0029868	Raw RFU, Hyb Normalization, medNormInt (SampleId), plateScale, Calibration, medNormSMP	SomaScan 7K	SomaScan Assay v4.1	v1.1.0	NT=sdrf-skills-autoresearch;VV=v0.0.0
PAD000003-C146_negative	Homo sapiens	Blood plasma	not available	not available	not available	C146	62	not applicable	blood plasma	PAD000003-r00062-C146_negative	protein expression profiling by aptamer array	1	raw_data.adat	ftp://ftp.pride.ebi.ac.uk/pride/data/archive/2025/03/PAD000003/raw_data.adat	SomaScan Assay	v4.1	RFU	P0029868	Raw RFU, Hyb Normalization, medNormInt (SampleId), plateScale, Calibration, medNormSMP	SomaScan 7K	SomaScan Assay v4.1	v1.1.0	NT=sdrf-skills-autoresearch;VV=v0.0.0
PAD000003-C33_positive_4	Homo sapiens	Blood plasma	not available	not available	not available	C33	63	not applicable	blood plasma	PAD000003-r00063-C33_positive_4	protein expression profiling by aptamer array	1	raw_data.adat	ftp://ftp.pride.ebi.ac.uk/pride/data/archive/2025/03/PAD000003/raw_data.adat	SomaScan Assay	v4.1	RFU	P0029868	Raw RFU, Hyb Normalization, medNormInt (SampleId), plateScale, Calibration, medNormSMP	SomaScan 7K	SomaScan Assay v4.1	v1.1.0	NT=sdrf-skills-autoresearch;VV=v0.0.0
PAD000003-C82_positive_6	Homo sapiens	Blood plasma	not available	not available	not available	C82	64	not applicable	blood plasma	PAD000003-r00064-C82_positive_6	protein expression profiling by aptamer array	1	raw_data.adat	ftp://ftp.pride.ebi.ac.uk/pride/data/archive/2025/03/PAD000003/raw_data.adat	SomaScan Assay	v4.1	RFU	P0029869	Raw RFU, Hyb Normalization, medNormInt (SampleId), plateScale, Calibration, medNormSMP	SomaScan 7K	SomaScan Assay v4.1	v1.1.0	NT=sdrf-skills-autoresearch;VV=v0.0.0
PAD000003-C33_positive_7	Homo sapiens	Blood plasma	not available	not available	not available	C33	65	not applicable	blood plasma	PAD000003-r00065-C33_positive_7	protein expression profiling by aptamer array	1	raw_data.adat	ftp://ftp.pride.ebi.ac.uk/pride/data/archive/2025/03/PAD000003/raw_data.adat	SomaScan Assay	v4.1	RFU	P0029869	Raw RFU, Hyb Normalization, medNormInt (SampleId), plateScale, Calibration, medNormSMP	SomaScan 7K	SomaScan Assay v4.1	v1.1.0	NT=sdrf-skills-autoresearch;VV=v0.0.0
PAD000003-C34_positive_7	Homo sapiens	Blood plasma	not available	not available	not available	C34	66	not applicable	blood plasma	PAD000003-r00066-C34_positive_7	protein expression profiling by aptamer array	1	raw_data.adat	ftp://ftp.pride.ebi.ac.uk/pride/data/archive/2025/03/PAD000003/raw_data.adat	SomaScan Assay	v4.1	RFU	P0029869	Raw RFU, Hyb Normalization, medNormInt (SampleId), plateScale, Calibration, medNormSMP	SomaScan 7K	SomaScan Assay v4.1	v1.1.0	NT=sdrf-skills-autoresearch;VV=v0.0.0
PAD000003-C65_positive_13	Homo sapiens	Blood plasma	not available	not available	not available	C65	67	not applicable	blood plasma	PAD000003-r00067-C65_positive_13	protein expression profiling by aptamer array	1	raw_data.adat	ftp://ftp.pride.ebi.ac.uk/pride/data/archive/2025/03/PAD000003/raw_data.adat	SomaScan Assay	v4.1	RFU	P0029869	Raw RFU, Hyb Normalization, medNormInt (SampleId), plateScale, Calibration, medNormSMP	SomaScan 7K	SomaScan Assay v4.1	v1.1.0	NT=sdrf-skills-autoresearch;VV=v0.0.0
PAD000003-C108_positive_12	Homo sapiens	Blood plasma	not available	not available	not available	C108	68	not applicable	blood plasma	PAD000003-r00068-C108_positive_12	protein expression profiling by aptamer array	1	raw_data.adat	ftp://ftp.pride.ebi.ac.uk/pride/data/archive/2025/03/PAD000003/raw_data.adat	SomaScan Assay	v4.1	RFU	P0029869	Raw RFU, Hyb Normalization, medNormInt (SampleId), plateScale, Calibration, medNormSMP	SomaScan 7K	SomaScan Assay v4.1	v1.1.0	NT=sdrf-skills-autoresearch;VV=v0.0.0
PAD000003-C31_positive_18	Homo sapiens	Blood plasma	not available	not available	not available	C31	69	not applicable	blood plasma	PAD000003-r00069-C31_positive_18	protein expression profiling by aptamer array	1	raw_data.adat	ftp://ftp.pride.ebi.ac.uk/pride/data/archive/2025/03/PAD000003/raw_data.adat	SomaScan Assay	v4.1	RFU	P0029869	Raw RFU, Hyb Normalization, medNormInt (SampleId), plateScale, Calibration, medNormSMP	SomaScan 7K	SomaScan Assay v4.1	v1.1.0	NT=sdrf-skills-autoresearch;VV=v0.0.0
PAD000003-C170_positive_14	Homo sapiens	Blood plasma	not available	not available	not available	C170	70	not applicable	blood plasma	PAD000003-r00070-C170_positive_14	protein expression profiling by aptamer array	1	raw_data.adat	ftp://ftp.pride.ebi.ac.uk/pride/data/archive/2025/03/PAD000003/raw_data.adat	SomaScan Assay	v4.1	RFU	P0029869	Raw RFU, Hyb Normalization, medNormInt (SampleId), plateScale, Calibration, medNormSMP	SomaScan 7K	SomaScan Assay v4.1	v1.1.0	NT=sdrf-skills-autoresearch;VV=v0.0.0
PAD000003-C170_positive_16	Homo sapiens	Blood plasma	not available	not available	not available	C170	71	not applicable	blood plasma	PAD000003-r00071-C170_positive_16	protein expression profiling by aptamer array	1	raw_data.adat	ftp://ftp.pride.ebi.ac.uk/pride/data/archive/2025/03/PAD000003/raw_data.adat	SomaScan Assay	v4.1	RFU	P0029869	Raw RFU, Hyb Normalization, medNormInt (SampleId), plateScale, Calibration, medNormSMP	SomaScan 7K	SomaScan Assay v4.1	v1.1.0	NT=sdrf-skills-autoresearch;VV=v0.0.0
PAD000003-C63_positive_5	Homo sapiens	Blood plasma	not available	not available	not available	C63	72	not applicable	blood plasma	PAD000003-r00072-C63_positive_5	protein expression profiling by aptamer array	1	raw_data.adat	ftp://ftp.pride.ebi.ac.uk/pride/data/archive/2025/03/PAD000003/raw_data.adat	SomaScan Assay	v4.1	RFU	P0029869	Raw RFU, Hyb Normalization, medNormInt (SampleId), plateScale, Calibration, medNormSMP	SomaScan 7K	SomaScan Assay v4.1	v1.1.0	NT=sdrf-skills-autoresearch;VV=v0.0.0
PAD000003-C147_positive_8	Homo sapiens	Blood plasma	not available	not available	not available	C147	73	not applicable	blood plasma	PAD000003-r00073-C147_positive_8	protein expression profiling by aptamer array	1	raw_data.adat	ftp://ftp.pride.ebi.ac.uk/pride/data/archive/2025/03/PAD000003/raw_data.adat	SomaScan Assay	v4.1	RFU	P0029869	Raw RFU, Hyb Normalization, medNormInt (SampleId), plateScale, Calibration, medNormSMP	SomaScan 7K	SomaScan Assay v4.1	v1.1.0	NT=sdrf-skills-autoresearch;VV=v0.0.0
PAD000003-C139_positive_22	Homo sapiens	Blood plasma	not available	not available	not available	C139	74	not applicable	blood plasma	PAD000003-r00074-C139_positive_22	protein expression profiling by aptamer array	1	raw_data.adat	ftp://ftp.pride.ebi.ac.uk/pride/data/archive/2025/03/PAD000003/raw_data.adat	SomaScan Assay	v4.1	RFU	P0029869	Raw RFU, Hyb Normalization, medNormInt (SampleId), plateScale, Calibration, medNormSMP	SomaScan 7K	SomaScan Assay v4.1	v1.1.0	NT=sdrf-skills-autoresearch;VV=v0.0.0
PAD000003-C132_positive_6	Homo sapiens	Blood plasma	not available	not available	not available	C132	75	not applicable	blood plasma	PAD000003-r00075-C132_positive_6	protein expression profiling by aptamer array	1	raw_data.adat	ftp://ftp.pride.ebi.ac.uk/pride/data/archive/2025/03/PAD000003/raw_data.adat	SomaScan Assay	v4.1	RFU	P0029869	Raw RFU, Hyb Normalization, medNormInt (SampleId), plateScale, Calibration, medNormSMP	SomaScan 7K	SomaScan Assay v4.1	v1.1.0	NT=sdrf-skills-autoresearch;VV=v0.0.0
PAD000003-C36_positive_10	Homo sapiens	Blood plasma	not available	not available	not available	C36	76	not applicable	blood plasma	PAD000003-r00076-C36_positive_10	protein expression profiling by aptamer array	1	raw_data.adat	ftp://ftp.pride.ebi.ac.uk/pride/data/archive/2025/03/PAD000003/raw_data.adat	SomaScan Assay	v4.1	RFU	P0029869	Raw RFU, Hyb Normalization, medNormInt (SampleId), plateScale, Calibration, medNormSMP	SomaScan 7K	SomaScan Assay v4.1	v1.1.0	NT=sdrf-skills-autoresearch;VV=v0.0.0
PAD000003-C147_positive_11	Homo sapiens	Blood plasma	not available	not available	not available	C147	77	not applicable	blood plasma	PAD000003-r00077-C147_positive_11	protein expression profiling by aptamer array	1	raw_data.adat	ftp://ftp.pride.ebi.ac.uk/pride/data/archive/2025/03/PAD000003/raw_data.adat	SomaScan Assay	v4.1	RFU	P0029869	Raw RFU, Hyb Normalization, medNormInt (SampleId), plateScale, Calibration, medNormSMP	SomaScan 7K	SomaScan Assay v4.1	v1.1.0	NT=sdrf-skills-autoresearch;VV=v0.0.0
PAD000003-C29_negative	Homo sapiens	Blood plasma	not available	not available	not available	C29	78	not applicable	blood plasma	PAD000003-r00078-C29_negative	protein expression profiling by aptamer array	1	raw_data.adat	ftp://ftp.pride.ebi.ac.uk/pride/data/archive/2025/03/PAD000003/raw_data.adat	SomaScan Assay	v4.1	RFU	P0029869	Raw RFU, Hyb Normalization, medNormInt (SampleId), plateScale, Calibration, medNormSMP	SomaScan 7K	SomaScan Assay v4.1	v1.1.0	NT=sdrf-skills-autoresearch;VV=v0.0.0
PAD000003-C128_positive_5	Homo sapiens	Blood plasma	not available	not available	not available	C128	79	not applicable	blood plasma	PAD000003-r00079-C128_positive_5	protein expression profiling by aptamer array	1	raw_data.adat	ftp://ftp.pride.ebi.ac.uk/pride/data/archive/2025/03/PAD000003/raw_data.adat	SomaScan Assay	v4.1	RFU	P0029869	Raw RFU, Hyb Normalization, medNormInt (SampleId), plateScale, Calibration, medNormSMP	SomaScan 7K	SomaScan Assay v4.1	v1.1.0	NT=sdrf-skills-autoresearch;VV=v0.0.0
PAD000003-C168_positive_10	Homo sapiens	Blood plasma	not available	not available	not available	C168	80	not applicable	blood plasma	PAD000003-r00080-C168_positive_10	protein expression profiling by aptamer array	1	raw_data.adat	ftp://ftp.pride.ebi.ac.uk/pride/data/archive/2025/03/PAD000003/raw_data.adat	SomaScan Assay	v4.1	RFU	P0029869	Raw RFU, Hyb Normalization, medNormInt (SampleId), plateScale, Calibration, medNormSMP	SomaScan 7K	SomaScan Assay v4.1	v1.1.0	NT=sdrf-skills-autoresearch;VV=v0.0.0
PAD000003-C65_positive_9	Homo sapiens	Blood plasma	not available	not available	not available	C65	81	not applicable	blood plasma	PAD000003-r00081-C65_positive_9	protein expression profiling by aptamer array	1	raw_data.adat	ftp://ftp.pride.ebi.ac.uk/pride/data/archive/2025/03/PAD000003/raw_data.adat	SomaScan Assay	v4.1	RFU	P0029869	Raw RFU, Hyb Normalization, medNormInt (SampleId), plateScale, Calibration, medNormSMP	SomaScan 7K	SomaScan Assay v4.1	v1.1.0	NT=sdrf-skills-autoresearch;VV=v0.0.0
PAD000003-C101_positive_16	Homo sapiens	Blood plasma	not available	not available	not available	C101	82	not applicable	blood plasma	PAD000003-r00082-C101_positive_16	protein expression profiling by aptamer array	1	raw_data.adat	ftp://ftp.pride.ebi.ac.uk/pride/data/archive/2025/03/PAD000003/raw_data.adat	SomaScan Assay	v4.1	RFU	P0029869	Raw RFU, Hyb Normalization, medNormInt (SampleId), plateScale, Calibration, medNormSMP	SomaScan 7K	SomaScan Assay v4.1	v1.1.0	NT=sdrf-skills-autoresearch;VV=v0.0.0
PAD000003-C21_positive_5	Homo sapiens	Blood plasma	not available	not available	not available	C21	83	not applicable	blood plasma	PAD000003-r00083-C21_positive_5	protein expression profiling by aptamer array	1	raw_data.adat	ftp://ftp.pride.ebi.ac.uk/pride/data/archive/2025/03/PAD000003/raw_data.adat	SomaScan Assay	v4.1	RFU	P0029869	Raw RFU, Hyb Normalization, medNormInt (SampleId), plateScale, Calibration, medNormSMP	SomaScan 7K	SomaScan Assay v4.1	v1.1.0	NT=sdrf-skills-autoresearch;VV=v0.0.0
PAD000003-C146_positive_7	Homo sapiens	Blood plasma	not available	not available	not available	C146	84	not applicable	blood plasma	PAD000003-r00084-C146_positive_7	protein expression profiling by aptamer array	1	raw_data.adat	ftp://ftp.pride.ebi.ac.uk/pride/data/archive/2025/03/PAD000003/raw_data.adat	SomaScan Assay	v4.1	RFU	P0029869	Raw RFU, Hyb Normalization, medNormInt (SampleId), plateScale, Calibration, medNormSMP	SomaScan 7K	SomaScan Assay v4.1	v1.1.0	NT=sdrf-skills-autoresearch;VV=v0.0.0
PAD000003-C87_positive_9	Homo sapiens	Blood plasma	not available	not available	not available	C87	85	not applicable	blood plasma	PAD000003-r00085-C87_positive_9	protein expression profiling by aptamer array	1	raw_data.adat	ftp://ftp.pride.ebi.ac.uk/pride/data/archive/2025/03/PAD000003/raw_data.adat	SomaScan Assay	v4.1	RFU	P0029869	Raw RFU, Hyb Normalization, medNormInt (SampleId), plateScale, Calibration, medNormSMP	SomaScan 7K	SomaScan Assay v4.1	v1.1.0	NT=sdrf-skills-autoresearch;VV=v0.0.0
PAD000003-C146_positive_5	Homo sapiens	Blood plasma	not available	not available	not available	C146	86	not applicable	blood plasma	PAD000003-r00086-C146_positive_5	protein expression profiling by aptamer array	1	raw_data.adat	ftp://ftp.pride.ebi.ac.uk/pride/data/archive/2025/03/PAD000003/raw_data.adat	SomaScan Assay	v4.1	RFU	P0029869	Raw RFU, Hyb Normalization, medNormInt (SampleId), plateScale, Calibration, medNormSMP	SomaScan 7K	SomaScan Assay v4.1	v1.1.0	NT=sdrf-skills-autoresearch;VV=v0.0.0
PAD000003-C37_positive_12	Homo sapiens	Blood plasma	not available	not available	not available	C37	87	not applicable	blood plasma	PAD000003-r00087-C37_positive_12	protein expression profiling by aptamer array	1	raw_data.adat	ftp://ftp.pride.ebi.ac.uk/pride/data/archive/2025/03/PAD000003/raw_data.adat	SomaScan Assay	v4.1	RFU	P0029869	Raw RFU, Hyb Normalization, medNormInt (SampleId), plateScale, Calibration, medNormSMP	SomaScan 7K	SomaScan Assay v4.1	v1.1.0	NT=sdrf-skills-autoresearch;VV=v0.0.0
PAD000003-C58_positive_9	Homo sapiens	Blood plasma	not available	not available	not available	C58	88	not applicable	blood plasma	PAD000003-r00088-C58_positive_9	protein expression profiling by aptamer array	1	raw_data.adat	ftp://ftp.pride.ebi.ac.uk/pride/data/archive/2025/03/PAD000003/raw_data.adat	SomaScan Assay	v4.1	RFU	P0029869	Raw RFU, Hyb Normalization, medNormInt (SampleId), plateScale, Calibration, medNormSMP	SomaScan 7K	SomaScan Assay v4.1	v1.1.0	NT=sdrf-skills-autoresearch;VV=v0.0.0
PAD000003-C34_positive_0	Homo sapiens	Blood plasma	not available	not available	not available	C34	89	not applicable	blood plasma	PAD000003-r00089-C34_positive_0	protein expression profiling by aptamer array	1	raw_data.adat	ftp://ftp.pride.ebi.ac.uk/pride/data/archive/2025/03/PAD000003/raw_data.adat	SomaScan Assay	v4.1	RFU	P0029869	Raw RFU, Hyb Normalization, medNormInt (SampleId), plateScale, Calibration, medNormSMP	SomaScan 7K	SomaScan Assay v4.1	v1.1.0	NT=sdrf-skills-autoresearch;VV=v0.0.0
PAD000003-C141_positive_9	Homo sapiens	Blood plasma	not available	not available	not available	C141	90	not applicable	blood plasma	PAD000003-r00090-C141_positive_9	protein expression profiling by aptamer array	1	raw_data.adat	ftp://ftp.pride.ebi.ac.uk/pride/data/archive/2025/03/PAD000003/raw_data.adat	SomaScan Assay	v4.1	RFU	P0029869	Raw RFU, Hyb Normalization, medNormInt (SampleId), plateScale, Calibration, medNormSMP	SomaScan 7K	SomaScan Assay v4.1	v1.1.0	NT=sdrf-skills-autoresearch;VV=v0.0.0
PAD000003-C173_negative	Homo sapiens	Blood plasma	not available	not available	not available	C173	91	not applicable	blood plasma	PAD000003-r00091-C173_negative	protein expression profiling by aptamer array	1	raw_data.adat	ftp://ftp.pride.ebi.ac.uk/pride/data/archive/2025/03/PAD000003/raw_data.adat	SomaScan Assay	v4.1	RFU	P0029869	Raw RFU, Hyb Normalization, medNormInt (SampleId), plateScale, Calibration, medNormSMP	SomaScan 7K	SomaScan Assay v4.1	v1.1.0	NT=sdrf-skills-autoresearch;VV=v0.0.0
PAD000003-C168_positive_14	Homo sapiens	Blood plasma	not available	not available	not available	C168	92	not applicable	blood plasma	PAD000003-r00092-C168_positive_14	protein expression profiling by aptamer array	1	raw_data.adat	ftp://ftp.pride.ebi.ac.uk/pride/data/archive/2025/03/PAD000003/raw_data.adat	SomaScan Assay	v4.1	RFU	P0029869	Raw RFU, Hyb Normalization, medNormInt (SampleId), plateScale, Calibration, medNormSMP	SomaScan 7K	SomaScan Assay v4.1	v1.1.0	NT=sdrf-skills-autoresearch;VV=v0.0.0
PAD000003-C139_negative	Homo sapiens	Blood plasma	not available	not available	not available	C139	93	not applicable	blood plasma	PAD000003-r00093-C139_negative	protein expression profiling by aptamer array	1	raw_data.adat	ftp://ftp.pride.ebi.ac.uk/pride/data/archive/2025/03/PAD000003/raw_data.adat	SomaScan Assay	v4.1	RFU	P0029869	Raw RFU, Hyb Normalization, medNormInt (SampleId), plateScale, Calibration, medNormSMP	SomaScan 7K	SomaScan Assay v4.1	v1.1.0	NT=sdrf-skills-autoresearch;VV=v0.0.0
PAD000003-C20_positive_12	Homo sapiens	Blood plasma	not available	not available	not available	C20	94	not applicable	blood plasma	PAD000003-r00094-C20_positive_12	protein expression profiling by aptamer array	1	raw_data.adat	ftp://ftp.pride.ebi.ac.uk/pride/data/archive/2025/03/PAD000003/raw_data.adat	SomaScan Assay	v4.1	RFU	P0029869	Raw RFU, Hyb Normalization, medNormInt (SampleId), plateScale, Calibration, medNormSMP	SomaScan 7K	SomaScan Assay v4.1	v1.1.0	NT=sdrf-skills-autoresearch;VV=v0.0.0
PAD000003-C169_positive_12	Homo sapiens	Blood plasma	not available	not available	not available	C169	95	not applicable	blood plasma	PAD000003-r00095-C169_positive_12	protein expression profiling by aptamer array	1	raw_data.adat	ftp://ftp.pride.ebi.ac.uk/pride/data/archive/2025/03/PAD000003/raw_data.adat	SomaScan Assay	v4.1	RFU	P0029869	Raw RFU, Hyb Normalization, medNormInt (SampleId), plateScale, Calibration, medNormSMP	SomaScan 7K	SomaScan Assay v4.1	v1.1.0	NT=sdrf-skills-autoresearch;VV=v0.0.0
PAD000003-C187_positive_5	Homo sapiens	Blood plasma	not available	not available	not available	C187	96	not applicable	blood plasma	PAD000003-r00096-C187_positive_5	protein expression profiling by aptamer array	1	raw_data.adat	ftp://ftp.pride.ebi.ac.uk/pride/data/archive/2025/03/PAD000003/raw_data.adat	SomaScan Assay	v4.1	RFU	P0029869	Raw RFU, Hyb Normalization, medNormInt (SampleId), plateScale, Calibration, medNormSMP	SomaScan 7K	SomaScan Assay v4.1	v1.1.0	NT=sdrf-skills-autoresearch;VV=v0.0.0
PAD000003-C137_positive_12	Homo sapiens	Blood plasma	not available	not available	not available	C137	97	not applicable	blood plasma	PAD000003-r00097-C137_positive_12	protein expression profiling by aptamer array	1	raw_data.adat	ftp://ftp.pride.ebi.ac.uk/pride/data/archive/2025/03/PAD000003/raw_data.adat	SomaScan Assay	v4.1	RFU	P0029869	Raw RFU, Hyb Normalization, medNormInt (SampleId), plateScale, Calibration, medNormSMP	SomaScan 7K	SomaScan Assay v4.1	v1.1.0	NT=sdrf-skills-autoresearch;VV=v0.0.0
PAD000003-C141_positive_20	Homo sapiens	Blood plasma	not available	not available	not available	C141	98	not applicable	blood plasma	PAD000003-r00098-C141_positive_20	protein expression profiling by aptamer array	1	raw_data.adat	ftp://ftp.pride.ebi.ac.uk/pride/data/archive/2025/03/PAD000003/raw_data.adat	SomaScan Assay	v4.1	RFU	P0029869	Raw RFU, Hyb Normalization, medNormInt (SampleId), plateScale, Calibration, medNormSMP	SomaScan 7K	SomaScan Assay v4.1	v1.1.0	NT=sdrf-skills-autoresearch;VV=v0.0.0
PAD000003-C48_positive_2	Homo sapiens	Blood plasma	not available	not available	not available	C48	99	not applicable	blood plasma	PAD000003-r00099-C48_positive_2	protein expression profiling by aptamer array	1	raw_data.adat	ftp://ftp.pride.ebi.ac.uk/pride/data/archive/2025/03/PAD000003/raw_data.adat	SomaScan Assay	v4.1	RFU	P0029869	Raw RFU, Hyb Normalization, medNormInt (SampleId), plateScale, Calibration, medNormSMP	SomaScan 7K	SomaScan Assay v4.1	v1.1.0	NT=sdrf-skills-autoresearch;VV=v0.0.0
PAD000003-C139_positive_15	Homo sapiens	Blood plasma	not available	not available	not available	C139	100	not applicable	blood plasma	PAD000003-r00100-C139_positive_15	protein expression profiling by aptamer array	1	raw_data.adat	ftp://ftp.pride.ebi.ac.uk/pride/data/archive/2025/03/PAD000003/raw_data.adat	SomaScan Assay	v4.1	RFU	P0029869	Raw RFU, Hyb Normalization, medNormInt (SampleId), plateScale, Calibration, medNormSMP	SomaScan 7K	SomaScan Assay v4.1	v1.1.0	NT=sdrf-skills-autoresearch;VV=v0.0.0
PAD000003-C147_positive_16	Homo sapiens	Blood plasma	not available	not available	not available	C147	101	not applicable	blood plasma	PAD000003-r00101-C147_positive_16	protein expression profiling by aptamer array	1	raw_data.adat	ftp://ftp.pride.ebi.ac.uk/pride/data/archive/2025/03/PAD000003/raw_data.adat	SomaScan Assay	v4.1	RFU	P0029869	Raw RFU, Hyb Normalization, medNormInt (SampleId), plateScale, Calibration, medNormSMP	SomaScan 7K	SomaScan Assay v4.1	v1.1.0	NT=sdrf-skills-autoresearch;VV=v0.0.0
PAD000003-C147_negative	Homo sapiens	Blood plasma	not available	not available	not available	C147	102	not applicable	blood plasma	PAD000003-r00102-C147_negative	protein expression profiling by aptamer array	1	raw_data.adat	ftp://ftp.pride.ebi.ac.uk/pride/data/archive/2025/03/PAD000003/raw_data.adat	SomaScan Assay	v4.1	RFU	P0029869	Raw RFU, Hyb Normalization, medNormInt (SampleId), plateScale, Calibration, medNormSMP	SomaScan 7K	SomaScan Assay v4.1	v1.1.0	NT=sdrf-skills-autoresearch;VV=v0.0.0
PAD000003-C48_positive_4	Homo sapiens	Blood plasma	not available	not available	not available	C48	103	not applicable	blood plasma	PAD000003-r00103-C48_positive_4	protein expression profiling by aptamer array	1	raw_data.adat	ftp://ftp.pride.ebi.ac.uk/pride/data/archive/2025/03/PAD000003/raw_data.adat	SomaScan Assay	v4.1	RFU	P0029869	Raw RFU, Hyb Normalization, medNormInt (SampleId), plateScale, Calibration, medNormSMP	SomaScan 7K	SomaScan Assay v4.1	v1.1.0	NT=sdrf-skills-autoresearch;VV=v0.0.0
PAD000003-C140_negative	Homo sapiens	Blood plasma	not available	not available	not available	C140	104	not applicable	blood plasma	PAD000003-r00104-C140_negative	protein expression profiling by aptamer array	1	raw_data.adat	ftp://ftp.pride.ebi.ac.uk/pride/data/archive/2025/03/PAD000003/raw_data.adat	SomaScan Assay	v4.1	RFU	P0029869	Raw RFU, Hyb Normalization, medNormInt (SampleId), plateScale, Calibration, medNormSMP	SomaScan 7K	SomaScan Assay v4.1	v1.1.0	NT=sdrf-skills-autoresearch;VV=v0.0.0
PAD000003-C141_negative	Homo sapiens	Blood plasma	not available	not available	not available	C141	105	not applicable	blood plasma	PAD000003-r00105-C141_negative	protein expression profiling by aptamer array	1	raw_data.adat	ftp://ftp.pride.ebi.ac.uk/pride/data/archive/2025/03/PAD000003/raw_data.adat	SomaScan Assay	v4.1	RFU	P0029869	Raw RFU, Hyb Normalization, medNormInt (SampleId), plateScale, Calibration, medNormSMP	SomaScan 7K	SomaScan Assay v4.1	v1.1.0	NT=sdrf-skills-autoresearch;VV=v0.0.0
PAD000003-C137_positive_2	Homo sapiens	Blood plasma	not available	not available	not available	C137	106	not applicable	blood plasma	PAD000003-r00106-C137_positive_2	protein expression profiling by aptamer array	1	raw_data.adat	ftp://ftp.pride.ebi.ac.uk/pride/data/archive/2025/03/PAD000003/raw_data.adat	SomaScan Assay	v4.1	RFU	P0029869	Raw RFU, Hyb Normalization, medNormInt (SampleId), plateScale, Calibration, medNormSMP	SomaScan 7K	SomaScan Assay v4.1	v1.1.0	NT=sdrf-skills-autoresearch;VV=v0.0.0
PAD000003-C101_positive_14	Homo sapiens	Blood plasma	not available	not available	not available	C101	107	not applicable	blood plasma	PAD000003-r00107-C101_positive_14	protein expression profiling by aptamer array	1	raw_data.adat	ftp://ftp.pride.ebi.ac.uk/pride/data/archive/2025/03/PAD000003/raw_data.adat	SomaScan Assay	v4.1	RFU	P0029869	Raw RFU, Hyb Normalization, medNormInt (SampleId), plateScale, Calibration, medNormSMP	SomaScan 7K	SomaScan Assay v4.1	v1.1.0	NT=sdrf-skills-autoresearch;VV=v0.0.0
PAD000003-C49_positive_7	Homo sapiens	Blood plasma	not available	not available	not available	C49	108	not applicable	blood plasma	PAD000003-r00108-C49_positive_7	protein expression profiling by aptamer array	1	raw_data.adat	ftp://ftp.pride.ebi.ac.uk/pride/data/archive/2025/03/PAD000003/raw_data.adat	SomaScan Assay	v4.1	RFU	P0029869	Raw RFU, Hyb Normalization, medNormInt (SampleId), plateScale, Calibration, medNormSMP	SomaScan 7K	SomaScan Assay v4.1	v1.1.0	NT=sdrf-skills-autoresearch;VV=v0.0.0
PAD000003-C138_positive_10	Homo sapiens	Blood plasma	not available	not available	not available	C138	109	not applicable	blood plasma	PAD000003-r00109-C138_positive_10	protein expression profiling by aptamer array	1	raw_data.adat	ftp://ftp.pride.ebi.ac.uk/pride/data/archive/2025/03/PAD000003/raw_data.adat	SomaScan Assay	v4.1	RFU	P0029869	Raw RFU, Hyb Normalization, medNormInt (SampleId), plateScale, Calibration, medNormSMP	SomaScan 7K	SomaScan Assay v4.1	v1.1.0	NT=sdrf-skills-autoresearch;VV=v0.0.0
PAD000003-C108_positive_2	Homo sapiens	Blood plasma	not available	not available	not available	C108	110	not applicable	blood plasma	PAD000003-r00110-C108_positive_2	protein expression profiling by aptamer array	1	raw_data.adat	ftp://ftp.pride.ebi.ac.uk/pride/data/archive/2025/03/PAD000003/raw_data.adat	SomaScan Assay	v4.1	RFU	P0029869	Raw RFU, Hyb Normalization, medNormInt (SampleId), plateScale, Calibration, medNormSMP	SomaScan 7K	SomaScan Assay v4.1	v1.1.0	NT=sdrf-skills-autoresearch;VV=v0.0.0
PAD000003-C113_positive_12	Homo sapiens	Blood plasma	not available	not available	not available	C113	111	not applicable	blood plasma	PAD000003-r00111-C113_positive_12	protein expression profiling by aptamer array	1	raw_data.adat	ftp://ftp.pride.ebi.ac.uk/pride/data/archive/2025/03/PAD000003/raw_data.adat	SomaScan Assay	v4.1	RFU	P0029869	Raw RFU, Hyb Normalization, medNormInt (SampleId), plateScale, Calibration, medNormSMP	SomaScan 7K	SomaScan Assay v4.1	v1.1.0	NT=sdrf-skills-autoresearch;VV=v0.0.0
PAD000003-C82_positive_8	Homo sapiens	Blood plasma	not available	not available	not available	C82	112	not applicable	blood plasma	PAD000003-r00112-C82_positive_8	protein expression profiling by aptamer array	1	raw_data.adat	ftp://ftp.pride.ebi.ac.uk/pride/data/archive/2025/03/PAD000003/raw_data.adat	SomaScan Assay	v4.1	RFU	P0029869	Raw RFU, Hyb Normalization, medNormInt (SampleId), plateScale, Calibration, medNormSMP	SomaScan 7K	SomaScan Assay v4.1	v1.1.0	NT=sdrf-skills-autoresearch;VV=v0.0.0
PAD000003-C31_positive_4	Homo sapiens	Blood plasma	not available	not available	not available	C31	113	not applicable	blood plasma	PAD000003-r00113-C31_positive_4	protein expression profiling by aptamer array	1	raw_data.adat	ftp://ftp.pride.ebi.ac.uk/pride/data/archive/2025/03/PAD000003/raw_data.adat	SomaScan Assay	v4.1	RFU	P0029869	Raw RFU, Hyb Normalization, medNormInt (SampleId), plateScale, Calibration, medNormSMP	SomaScan 7K	SomaScan Assay v4.1	v1.1.0	NT=sdrf-skills-autoresearch;VV=v0.0.0
PAD000003-C65_positive_17	Homo sapiens	Blood plasma	not available	not available	not available	C65	114	not applicable	blood plasma	PAD000003-r00114-C65_positive_17	protein expression profiling by aptamer array	1	raw_data.adat	ftp://ftp.pride.ebi.ac.uk/pride/data/archive/2025/03/PAD000003/raw_data.adat	SomaScan Assay	v4.1	RFU	P0029869	Raw RFU, Hyb Normalization, medNormInt (SampleId), plateScale, Calibration, medNormSMP	SomaScan 7K	SomaScan Assay v4.1	v1.1.0	NT=sdrf-skills-autoresearch;VV=v0.0.0
PAD000003-C168_positive_12	Homo sapiens	Blood plasma	not available	not available	not available	C168	115	not applicable	blood plasma	PAD000003-r00115-C168_positive_12	protein expression profiling by aptamer array	1	raw_data.adat	ftp://ftp.pride.ebi.ac.uk/pride/data/archive/2025/03/PAD000003/raw_data.adat	SomaScan Assay	v4.1	RFU	P0029869	Raw RFU, Hyb Normalization, medNormInt (SampleId), plateScale, Calibration, medNormSMP	SomaScan 7K	SomaScan Assay v4.1	v1.1.0	NT=sdrf-skills-autoresearch;VV=v0.0.0
PAD000003-C145_positive_2	Homo sapiens	Blood plasma	not available	not available	not available	C145	116	not applicable	blood plasma	PAD000003-r00116-C145_positive_2	protein expression profiling by aptamer array	1	raw_data.adat	ftp://ftp.pride.ebi.ac.uk/pride/data/archive/2025/03/PAD000003/raw_data.adat	SomaScan Assay	v4.1	RFU	P0029869	Raw RFU, Hyb Normalization, medNormInt (SampleId), plateScale, Calibration, medNormSMP	SomaScan 7K	SomaScan Assay v4.1	v1.1.0	NT=sdrf-skills-autoresearch;VV=v0.0.0
PAD000003-C9_positive_12	Homo sapiens	Blood plasma	not available	not available	not available	C9	117	not applicable	blood plasma	PAD000003-r00117-C9_positive_12	protein expression profiling by aptamer array	1	raw_data.adat	ftp://ftp.pride.ebi.ac.uk/pride/data/archive/2025/03/PAD000003/raw_data.adat	SomaScan Assay	v4.1	RFU	P0029869	Raw RFU, Hyb Normalization, medNormInt (SampleId), plateScale, Calibration, medNormSMP	SomaScan 7K	SomaScan Assay v4.1	v1.1.0	NT=sdrf-skills-autoresearch;VV=v0.0.0
PAD000003-C101_positive_11	Homo sapiens	Blood plasma	not available	not available	not available	C101	118	not applicable	blood plasma	PAD000003-r00118-C101_positive_11	protein expression profiling by aptamer array	1	raw_data.adat	ftp://ftp.pride.ebi.ac.uk/pride/data/archive/2025/03/PAD000003/raw_data.adat	SomaScan Assay	v4.1	RFU	P0029869	Raw RFU, Hyb Normalization, medNormInt (SampleId), plateScale, Calibration, medNormSMP	SomaScan 7K	SomaScan Assay v4.1	v1.1.0	NT=sdrf-skills-autoresearch;VV=v0.0.0
PAD000003-C187_positive_9	Homo sapiens	Blood plasma	not available	not available	not available	C187	119	not applicable	blood plasma	PAD000003-r00119-C187_positive_9	protein expression profiling by aptamer array	1	raw_data.adat	ftp://ftp.pride.ebi.ac.uk/pride/data/archive/2025/03/PAD000003/raw_data.adat	SomaScan Assay	v4.1	RFU	P0029869	Raw RFU, Hyb Normalization, medNormInt (SampleId), plateScale, Calibration, medNormSMP	SomaScan 7K	SomaScan Assay v4.1	v1.1.0	NT=sdrf-skills-autoresearch;VV=v0.0.0
PAD000003-C169_positive_17	Homo sapiens	Blood plasma	not available	not available	not available	C169	120	not applicable	blood plasma	PAD000003-r00120-C169_positive_17	protein expression profiling by aptamer array	1	raw_data.adat	ftp://ftp.pride.ebi.ac.uk/pride/data/archive/2025/03/PAD000003/raw_data.adat	SomaScan Assay	v4.1	RFU	P0029869	Raw RFU, Hyb Normalization, medNormInt (SampleId), plateScale, Calibration, medNormSMP	SomaScan 7K	SomaScan Assay v4.1	v1.1.0	NT=sdrf-skills-autoresearch;VV=v0.0.0
PAD000003-C137_positive_16	Homo sapiens	Blood plasma	not available	not available	not available	C137	121	not applicable	blood plasma	PAD000003-r00121-C137_positive_16	protein expression profiling by aptamer array	1	raw_data.adat	ftp://ftp.pride.ebi.ac.uk/pride/data/archive/2025/03/PAD000003/raw_data.adat	SomaScan Assay	v4.1	RFU	P0029867	Raw RFU, Hyb Normalization, medNormInt (SampleId), plateScale, Calibration, medNormSMP	SomaScan 7K	SomaScan Assay v4.1	v1.1.0	NT=sdrf-skills-autoresearch;VV=v0.0.0
PAD000003-C187_negative	Homo sapiens	Blood plasma	not available	not available	not available	C187	122	not applicable	blood plasma	PAD000003-r00122-C187_negative	protein expression profiling by aptamer array	1	raw_data.adat	ftp://ftp.pride.ebi.ac.uk/pride/data/archive/2025/03/PAD000003/raw_data.adat	SomaScan Assay	v4.1	RFU	P0029867	Raw RFU, Hyb Normalization, medNormInt (SampleId), plateScale, Calibration, medNormSMP	SomaScan 7K	SomaScan Assay v4.1	v1.1.0	NT=sdrf-skills-autoresearch;VV=v0.0.0
PAD000003-C103_negative	Homo sapiens	Blood plasma	not available	not available	not available	C103	123	not applicable	blood plasma	PAD000003-r00123-C103_negative	protein expression profiling by aptamer array	1	raw_data.adat	ftp://ftp.pride.ebi.ac.uk/pride/data/archive/2025/03/PAD000003/raw_data.adat	SomaScan Assay	v4.1	RFU	P0029867	Raw RFU, Hyb Normalization, medNormInt (SampleId), plateScale, Calibration, medNormSMP	SomaScan 7K	SomaScan Assay v4.1	v1.1.0	NT=sdrf-skills-autoresearch;VV=v0.0.0
PAD000003-C58_positive_2	Homo sapiens	Blood plasma	not available	not available	not available	C58	124	not applicable	blood plasma	PAD000003-r00124-C58_positive_2	protein expression profiling by aptamer array	1	raw_data.adat	ftp://ftp.pride.ebi.ac.uk/pride/data/archive/2025/03/PAD000003/raw_data.adat	SomaScan Assay	v4.1	RFU	P0029867	Raw RFU, Hyb Normalization, medNormInt (SampleId), plateScale, Calibration, medNormSMP	SomaScan 7K	SomaScan Assay v4.1	v1.1.0	NT=sdrf-skills-autoresearch;VV=v0.0.0
PAD000003-C70_negative	Homo sapiens	Blood plasma	not available	not available	not available	C70	125	not applicable	blood plasma	PAD000003-r00125-C70_negative	protein expression profiling by aptamer array	1	raw_data.adat	ftp://ftp.pride.ebi.ac.uk/pride/data/archive/2025/03/PAD000003/raw_data.adat	SomaScan Assay	v4.1	RFU	P0029867	Raw RFU, Hyb Normalization, medNormInt (SampleId), plateScale, Calibration, medNormSMP	SomaScan 7K	SomaScan Assay v4.1	v1.1.0	NT=sdrf-skills-autoresearch;VV=v0.0.0
PAD000003-C58_positive_15	Homo sapiens	Blood plasma	not available	not available	not available	C58	126	not applicable	blood plasma	PAD000003-r00126-C58_positive_15	protein expression profiling by aptamer array	1	raw_data.adat	ftp://ftp.pride.ebi.ac.uk/pride/data/archive/2025/03/PAD000003/raw_data.adat	SomaScan Assay	v4.1	RFU	P0029867	Raw RFU, Hyb Normalization, medNormInt (SampleId), plateScale, Calibration, medNormSMP	SomaScan 7K	SomaScan Assay v4.1	v1.1.0	NT=sdrf-skills-autoresearch;VV=v0.0.0
PAD000003-C129_positive_3	Homo sapiens	Blood plasma	not available	not available	not available	C129	127	not applicable	blood plasma	PAD000003-r00127-C129_positive_3	protein expression profiling by aptamer array	1	raw_data.adat	ftp://ftp.pride.ebi.ac.uk/pride/data/archive/2025/03/PAD000003/raw_data.adat	SomaScan Assay	v4.1	RFU	P0029867	Raw RFU, Hyb Normalization, medNormInt (SampleId), plateScale, Calibration, medNormSMP	SomaScan 7K	SomaScan Assay v4.1	v1.1.0	NT=sdrf-skills-autoresearch;VV=v0.0.0
PAD000003-C108_positive_16	Homo sapiens	Blood plasma	not available	not available	not available	C108	128	not applicable	blood plasma	PAD000003-r00128-C108_positive_16	protein expression profiling by aptamer array	1	raw_data.adat	ftp://ftp.pride.ebi.ac.uk/pride/data/archive/2025/03/PAD000003/raw_data.adat	SomaScan Assay	v4.1	RFU	P0029867	Raw RFU, Hyb Normalization, medNormInt (SampleId), plateScale, Calibration, medNormSMP	SomaScan 7K	SomaScan Assay v4.1	v1.1.0	NT=sdrf-skills-autoresearch;VV=v0.0.0
PAD000003-C140_positive_10	Homo sapiens	Blood plasma	not available	not available	not available	C140	129	not applicable	blood plasma	PAD000003-r00129-C140_positive_10	protein expression profiling by aptamer array	1	raw_data.adat	ftp://ftp.pride.ebi.ac.uk/pride/data/archive/2025/03/PAD000003/raw_data.adat	SomaScan Assay	v4.1	RFU	P0029867	Raw RFU, Hyb Normalization, medNormInt (SampleId), plateScale, Calibration, medNormSMP	SomaScan 7K	SomaScan Assay v4.1	v1.1.0	NT=sdrf-skills-autoresearch;VV=v0.0.0
PAD000003-C170_positive_7	Homo sapiens	Blood plasma	not available	not available	not available	C170	130	not applicable	blood plasma	PAD000003-r00130-C170_positive_7	protein expression profiling by aptamer array	1	raw_data.adat	ftp://ftp.pride.ebi.ac.uk/pride/data/archive/2025/03/PAD000003/raw_data.adat	SomaScan Assay	v4.1	RFU	P0029867	Raw RFU, Hyb Normalization, medNormInt (SampleId), plateScale, Calibration, medNormSMP	SomaScan 7K	SomaScan Assay v4.1	v1.1.0	NT=sdrf-skills-autoresearch;VV=v0.0.0
PAD000003-C40_positive_18	Homo sapiens	Blood plasma	not available	not available	not available	C40	131	not applicable	blood plasma	PAD000003-r00131-C40_positive_18	protein expression profiling by aptamer array	1	raw_data.adat	ftp://ftp.pride.ebi.ac.uk/pride/data/archive/2025/03/PAD000003/raw_data.adat	SomaScan Assay	v4.1	RFU	P0029867	Raw RFU, Hyb Normalization, medNormInt (SampleId), plateScale, Calibration, medNormSMP	SomaScan 7K	SomaScan Assay v4.1	v1.1.0	NT=sdrf-skills-autoresearch;VV=v0.0.0
PAD000003-C101_negative	Homo sapiens	Blood plasma	not available	not available	not available	C101	132	not applicable	blood plasma	PAD000003-r00132-C101_negative	protein expression profiling by aptamer array	1	raw_data.adat	ftp://ftp.pride.ebi.ac.uk/pride/data/archive/2025/03/PAD000003/raw_data.adat	SomaScan Assay	v4.1	RFU	P0029867	Raw RFU, Hyb Normalization, medNormInt (SampleId), plateScale, Calibration, medNormSMP	SomaScan 7K	SomaScan Assay v4.1	v1.1.0	NT=sdrf-skills-autoresearch;VV=v0.0.0
PAD000003-C140_positive_5	Homo sapiens	Blood plasma	not available	not available	not available	C140	133	not applicable	blood plasma	PAD000003-r00133-C140_positive_5	protein expression profiling by aptamer array	1	raw_data.adat	ftp://ftp.pride.ebi.ac.uk/pride/data/archive/2025/03/PAD000003/raw_data.adat	SomaScan Assay	v4.1	RFU	P0029867	Raw RFU, Hyb Normalization, medNormInt (SampleId), plateScale, Calibration, medNormSMP	SomaScan 7K	SomaScan Assay v4.1	v1.1.0	NT=sdrf-skills-autoresearch;VV=v0.0.0
PAD000003-C66_positive_5	Homo sapiens	Blood plasma	not available	not available	not available	C66	134	not applicable	blood plasma	PAD000003-r00134-C66_positive_5	protein expression profiling by aptamer array	1	raw_data.adat	ftp://ftp.pride.ebi.ac.uk/pride/data/archive/2025/03/PAD000003/raw_data.adat	SomaScan Assay	v4.1	RFU	P0029867	Raw RFU, Hyb Normalization, medNormInt (SampleId), plateScale, Calibration, medNormSMP	SomaScan 7K	SomaScan Assay v4.1	v1.1.0	NT=sdrf-skills-autoresearch;VV=v0.0.0
PAD000003-C212_negative	Homo sapiens	Blood plasma	not available	not available	not available	C212	135	not applicable	blood plasma	PAD000003-r00135-C212_negative	protein expression profiling by aptamer array	1	raw_data.adat	ftp://ftp.pride.ebi.ac.uk/pride/data/archive/2025/03/PAD000003/raw_data.adat	SomaScan Assay	v4.1	RFU	P0029867	Raw RFU, Hyb Normalization, medNormInt (SampleId), plateScale, Calibration, medNormSMP	SomaScan 7K	SomaScan Assay v4.1	v1.1.0	NT=sdrf-skills-autoresearch;VV=v0.0.0
PAD000003-C168_negative	Homo sapiens	Blood plasma	not available	not available	not available	C168	136	not applicable	blood plasma	PAD000003-r00136-C168_negative	protein expression profiling by aptamer array	1	raw_data.adat	ftp://ftp.pride.ebi.ac.uk/pride/data/archive/2025/03/PAD000003/raw_data.adat	SomaScan Assay	v4.1	RFU	P0029867	Raw RFU, Hyb Normalization, medNormInt (SampleId), plateScale, Calibration, medNormSMP	SomaScan 7K	SomaScan Assay v4.1	v1.1.0	NT=sdrf-skills-autoresearch;VV=v0.0.0
PAD000003-C137_positive_5	Homo sapiens	Blood plasma	not available	not available	not available	C137	137	not applicable	blood plasma	PAD000003-r00137-C137_positive_5	protein expression profiling by aptamer array	1	raw_data.adat	ftp://ftp.pride.ebi.ac.uk/pride/data/archive/2025/03/PAD000003/raw_data.adat	SomaScan Assay	v4.1	RFU	P0029867	Raw RFU, Hyb Normalization, medNormInt (SampleId), plateScale, Calibration, medNormSMP	SomaScan 7K	SomaScan Assay v4.1	v1.1.0	NT=sdrf-skills-autoresearch;VV=v0.0.0
PAD000003-C84_positive_3	Homo sapiens	Blood plasma	not available	not available	not available	C84	138	not applicable	blood plasma	PAD000003-r00138-C84_positive_3	protein expression profiling by aptamer array	1	raw_data.adat	ftp://ftp.pride.ebi.ac.uk/pride/data/archive/2025/03/PAD000003/raw_data.adat	SomaScan Assay	v4.1	RFU	P0029867	Raw RFU, Hyb Normalization, medNormInt (SampleId), plateScale, Calibration, medNormSMP	SomaScan 7K	SomaScan Assay v4.1	v1.1.0	NT=sdrf-skills-autoresearch;VV=v0.0.0
PAD000003-C21_positive_20	Homo sapiens	Blood plasma	not available	not available	not available	C21	139	not applicable	blood plasma	PAD000003-r00139-C21_positive_20	protein expression profiling by aptamer array	1	raw_data.adat	ftp://ftp.pride.ebi.ac.uk/pride/data/archive/2025/03/PAD000003/raw_data.adat	SomaScan Assay	v4.1	RFU	P0029867	Raw RFU, Hyb Normalization, medNormInt (SampleId), plateScale, Calibration, medNormSMP	SomaScan 7K	SomaScan Assay v4.1	v1.1.0	NT=sdrf-skills-autoresearch;VV=v0.0.0
PAD000003-C140_positive_17	Homo sapiens	Blood plasma	not available	not available	not available	C140	140	not applicable	blood plasma	PAD000003-r00140-C140_positive_17	protein expression profiling by aptamer array	1	raw_data.adat	ftp://ftp.pride.ebi.ac.uk/pride/data/archive/2025/03/PAD000003/raw_data.adat	SomaScan Assay	v4.1	RFU	P0029867	Raw RFU, Hyb Normalization, medNormInt (SampleId), plateScale, Calibration, medNormSMP	SomaScan 7K	SomaScan Assay v4.1	v1.1.0	NT=sdrf-skills-autoresearch;VV=v0.0.0
PAD000003-C21_positive_12	Homo sapiens	Blood plasma	not available	not available	not available	C21	141	not applicable	blood plasma	PAD000003-r00141-C21_positive_12	protein expression profiling by aptamer array	1	raw_data.adat	ftp://ftp.pride.ebi.ac.uk/pride/data/archive/2025/03/PAD000003/raw_data.adat	SomaScan Assay	v4.1	RFU	P0029867	Raw RFU, Hyb Normalization, medNormInt (SampleId), plateScale, Calibration, medNormSMP	SomaScan 7K	SomaScan Assay v4.1	v1.1.0	NT=sdrf-skills-autoresearch;VV=v0.0.0
PAD000003-C145_positive_18	Homo sapiens	Blood plasma	not available	not available	not available	C145	142	not applicable	blood plasma	PAD000003-r00142-C145_positive_18	protein expression profiling by aptamer array	1	raw_data.adat	ftp://ftp.pride.ebi.ac.uk/pride/data/archive/2025/03/PAD000003/raw_data.adat	SomaScan Assay	v4.1	RFU	P0029867	Raw RFU, Hyb Normalization, medNormInt (SampleId), plateScale, Calibration, medNormSMP	SomaScan 7K	SomaScan Assay v4.1	v1.1.0	NT=sdrf-skills-autoresearch;VV=v0.0.0
PAD000003-C190_positive_7	Homo sapiens	Blood plasma	not available	not available	not available	C190	143	not applicable	blood plasma	PAD000003-r00143-C190_positive_7	protein expression profiling by aptamer array	1	raw_data.adat	ftp://ftp.pride.ebi.ac.uk/pride/data/archive/2025/03/PAD000003/raw_data.adat	SomaScan Assay	v4.1	RFU	P0029867	Raw RFU, Hyb Normalization, medNormInt (SampleId), plateScale, Calibration, medNormSMP	SomaScan 7K	SomaScan Assay v4.1	v1.1.0	NT=sdrf-skills-autoresearch;VV=v0.0.0
PAD000003-C167_negative	Homo sapiens	Blood plasma	not available	not available	not available	C167	144	not applicable	blood plasma	PAD000003-r00144-C167_negative	protein expression profiling by aptamer array	1	raw_data.adat	ftp://ftp.pride.ebi.ac.uk/pride/data/archive/2025/03/PAD000003/raw_data.adat	SomaScan Assay	v4.1	RFU	P0029867	Raw RFU, Hyb Normalization, medNormInt (SampleId), plateScale, Calibration, medNormSMP	SomaScan 7K	SomaScan Assay v4.1	v1.1.0	NT=sdrf-skills-autoresearch;VV=v0.0.0
PAD000003-C123_positive_12	Homo sapiens	Blood plasma	not available	not available	not available	C123	145	not applicable	blood plasma	PAD000003-r00145-C123_positive_12	protein expression profiling by aptamer array	1	raw_data.adat	ftp://ftp.pride.ebi.ac.uk/pride/data/archive/2025/03/PAD000003/raw_data.adat	SomaScan Assay	v4.1	RFU	P0029867	Raw RFU, Hyb Normalization, medNormInt (SampleId), plateScale, Calibration, medNormSMP	SomaScan 7K	SomaScan Assay v4.1	v1.1.0	NT=sdrf-skills-autoresearch;VV=v0.0.0
PAD000003-C57_positive_0	Homo sapiens	Blood plasma	not available	not available	not available	C57	146	not applicable	blood plasma	PAD000003-r00146-C57_positive_0	protein expression profiling by aptamer array	1	raw_data.adat	ftp://ftp.pride.ebi.ac.uk/pride/data/archive/2025/03/PAD000003/raw_data.adat	SomaScan Assay	v4.1	RFU	P0029867	Raw RFU, Hyb Normalization, medNormInt (SampleId), plateScale, Calibration, medNormSMP	SomaScan 7K	SomaScan Assay v4.1	v1.1.0	NT=sdrf-skills-autoresearch;VV=v0.0.0
PAD000003-C146_positive_3	Homo sapiens	Blood plasma	not available	not available	not available	C146	147	not applicable	blood plasma	PAD000003-r00147-C146_positive_3	protein expression profiling by aptamer array	1	raw_data.adat	ftp://ftp.pride.ebi.ac.uk/pride/data/archive/2025/03/PAD000003/raw_data.adat	SomaScan Assay	v4.1	RFU	P0029867	Raw RFU, Hyb Normalization, medNormInt (SampleId), plateScale, Calibration, medNormSMP	SomaScan 7K	SomaScan Assay v4.1	v1.1.0	NT=sdrf-skills-autoresearch;VV=v0.0.0
PAD000003-C124_positive_9	Homo sapiens	Blood plasma	not available	not available	not available	C124	148	not applicable	blood plasma	PAD000003-r00148-C124_positive_9	protein expression profiling by aptamer array	1	raw_data.adat	ftp://ftp.pride.ebi.ac.uk/pride/data/archive/2025/03/PAD000003/raw_data.adat	SomaScan Assay	v4.1	RFU	P0029867	Raw RFU, Hyb Normalization, medNormInt (SampleId), plateScale, Calibration, medNormSMP	SomaScan 7K	SomaScan Assay v4.1	v1.1.0	NT=sdrf-skills-autoresearch;VV=v0.0.0
PAD000003-C101_positive_9	Homo sapiens	Blood plasma	not available	not available	not available	C101	149	not applicable	blood plasma	PAD000003-r00149-C101_positive_9	protein expression profiling by aptamer array	1	raw_data.adat	ftp://ftp.pride.ebi.ac.uk/pride/data/archive/2025/03/PAD000003/raw_data.adat	SomaScan Assay	v4.1	RFU	P0029867	Raw RFU, Hyb Normalization, medNormInt (SampleId), plateScale, Calibration, medNormSMP	SomaScan 7K	SomaScan Assay v4.1	v1.1.0	NT=sdrf-skills-autoresearch;VV=v0.0.0
PAD000003-C145_positive_7	Homo sapiens	Blood plasma	not available	not available	not available	C145	150	not applicable	blood plasma	PAD000003-r00150-C145_positive_7	protein expression profiling by aptamer array	1	raw_data.adat	ftp://ftp.pride.ebi.ac.uk/pride/data/archive/2025/03/PAD000003/raw_data.adat	SomaScan Assay	v4.1	RFU	P0029867	Raw RFU, Hyb Normalization, medNormInt (SampleId), plateScale, Calibration, medNormSMP	SomaScan 7K	SomaScan Assay v4.1	v1.1.0	NT=sdrf-skills-autoresearch;VV=v0.0.0
PAD000003-C33_positive_16	Homo sapiens	Blood plasma	not available	not available	not available	C33	151	not applicable	blood plasma	PAD000003-r00151-C33_positive_16	protein expression profiling by aptamer array	1	raw_data.adat	ftp://ftp.pride.ebi.ac.uk/pride/data/archive/2025/03/PAD000003/raw_data.adat	SomaScan Assay	v4.1	RFU	P0029867	Raw RFU, Hyb Normalization, medNormInt (SampleId), plateScale, Calibration, medNormSMP	SomaScan 7K	SomaScan Assay v4.1	v1.1.0	NT=sdrf-skills-autoresearch;VV=v0.0.0
PAD000003-C251_negative	Homo sapiens	Blood plasma	not available	not available	not available	C251	152	not applicable	blood plasma	PAD000003-r00152-C251_negative	protein expression profiling by aptamer array	1	raw_data.adat	ftp://ftp.pride.ebi.ac.uk/pride/data/archive/2025/03/PAD000003/raw_data.adat	SomaScan Assay	v4.1	RFU	P0029867	Raw RFU, Hyb Normalization, medNormInt (SampleId), plateScale, Calibration, medNormSMP	SomaScan 7K	SomaScan Assay v4.1	v1.1.0	NT=sdrf-skills-autoresearch;VV=v0.0.0
PAD000003-C201_negative	Homo sapiens	Blood plasma	not available	not available	not available	C201	153	not applicable	blood plasma	PAD000003-r00153-C201_negative	protein expression profiling by aptamer array	1	raw_data.adat	ftp://ftp.pride.ebi.ac.uk/pride/data/archive/2025/03/PAD000003/raw_data.adat	SomaScan Assay	v4.1	RFU	P0029867	Raw RFU, Hyb Normalization, medNormInt (SampleId), plateScale, Calibration, medNormSMP	SomaScan 7K	SomaScan Assay v4.1	v1.1.0	NT=sdrf-skills-autoresearch;VV=v0.0.0
PAD000003-C60_positive_13	Homo sapiens	Blood plasma	not available	not available	not available	C60	154	not applicable	blood plasma	PAD000003-r00154-C60_positive_13	protein expression profiling by aptamer array	1	raw_data.adat	ftp://ftp.pride.ebi.ac.uk/pride/data/archive/2025/03/PAD000003/raw_data.adat	SomaScan Assay	v4.1	RFU	P0029867	Raw RFU, Hyb Normalization, medNormInt (SampleId), plateScale, Calibration, medNormSMP	SomaScan 7K	SomaScan Assay v4.1	v1.1.0	NT=sdrf-skills-autoresearch;VV=v0.0.0
PAD000003-C257_negative	Homo sapiens	Blood plasma	not available	not available	not available	C257	155	not applicable	blood plasma	PAD000003-r00155-C257_negative	protein expression profiling by aptamer array	1	raw_data.adat	ftp://ftp.pride.ebi.ac.uk/pride/data/archive/2025/03/PAD000003/raw_data.adat	SomaScan Assay	v4.1	RFU	P0029867	Raw RFU, Hyb Normalization, medNormInt (SampleId), plateScale, Calibration, medNormSMP	SomaScan 7K	SomaScan Assay v4.1	v1.1.0	NT=sdrf-skills-autoresearch;VV=v0.0.0
PAD000003-C190_positive_5	Homo sapiens	Blood plasma	not available	not available	not available	C190	156	not applicable	blood plasma	PAD000003-r00156-C190_positive_5	protein expression profiling by aptamer array	1	raw_data.adat	ftp://ftp.pride.ebi.ac.uk/pride/data/archive/2025/03/PAD000003/raw_data.adat	SomaScan Assay	v4.1	RFU	P0029867	Raw RFU, Hyb Normalization, medNormInt (SampleId), plateScale, Calibration, medNormSMP	SomaScan 7K	SomaScan Assay v4.1	v1.1.0	NT=sdrf-skills-autoresearch;VV=v0.0.0
PAD000003-C33_positive_14	Homo sapiens	Blood plasma	not available	not available	not available	C33	157	not applicable	blood plasma	PAD000003-r00157-C33_positive_14	protein expression profiling by aptamer array	1	raw_data.adat	ftp://ftp.pride.ebi.ac.uk/pride/data/archive/2025/03/PAD000003/raw_data.adat	SomaScan Assay	v4.1	RFU	P0029867	Raw RFU, Hyb Normalization, medNormInt (SampleId), plateScale, Calibration, medNormSMP	SomaScan 7K	SomaScan Assay v4.1	v1.1.0	NT=sdrf-skills-autoresearch;VV=v0.0.0
PAD000003-C238_negative	Homo sapiens	Blood plasma	not available	not available	not available	C238	158	not applicable	blood plasma	PAD000003-r00158-C238_negative	protein expression profiling by aptamer array	1	raw_data.adat	ftp://ftp.pride.ebi.ac.uk/pride/data/archive/2025/03/PAD000003/raw_data.adat	SomaScan Assay	v4.1	RFU	P0029867	Raw RFU, Hyb Normalization, medNormInt (SampleId), plateScale, Calibration, medNormSMP	SomaScan 7K	SomaScan Assay v4.1	v1.1.0	NT=sdrf-skills-autoresearch;VV=v0.0.0
PAD000003-C36_positive_16	Homo sapiens	Blood plasma	not available	not available	not available	C36	159	not applicable	blood plasma	PAD000003-r00159-C36_positive_16	protein expression profiling by aptamer array	1	raw_data.adat	ftp://ftp.pride.ebi.ac.uk/pride/data/archive/2025/03/PAD000003/raw_data.adat	SomaScan Assay	v4.1	RFU	P0029867	Raw RFU, Hyb Normalization, medNormInt (SampleId), plateScale, Calibration, medNormSMP	SomaScan 7K	SomaScan Assay v4.1	v1.1.0	NT=sdrf-skills-autoresearch;VV=v0.0.0
PAD000003-C101_positive_4	Homo sapiens	Blood plasma	not available	not available	not available	C101	160	not applicable	blood plasma	PAD000003-r00160-C101_positive_4	protein expression profiling by aptamer array	1	raw_data.adat	ftp://ftp.pride.ebi.ac.uk/pride/data/archive/2025/03/PAD000003/raw_data.adat	SomaScan Assay	v4.1	RFU	P0029867	Raw RFU, Hyb Normalization, medNormInt (SampleId), plateScale, Calibration, medNormSMP	SomaScan 7K	SomaScan Assay v4.1	v1.1.0	NT=sdrf-skills-autoresearch;VV=v0.0.0
PAD000003-C141_positive_15	Homo sapiens	Blood plasma	not available	not available	not available	C141	161	not applicable	blood plasma	PAD000003-r00161-C141_positive_15	protein expression profiling by aptamer array	1	raw_data.adat	ftp://ftp.pride.ebi.ac.uk/pride/data/archive/2025/03/PAD000003/raw_data.adat	SomaScan Assay	v4.1	RFU	P0029867	Raw RFU, Hyb Normalization, medNormInt (SampleId), plateScale, Calibration, medNormSMP	SomaScan 7K	SomaScan Assay v4.1	v1.1.0	NT=sdrf-skills-autoresearch;VV=v0.0.0
PAD000003-C240_negative	Homo sapiens	Blood plasma	not available	not available	not available	C240	162	not applicable	blood plasma	PAD000003-r00162-C240_negative	protein expression profiling by aptamer array	1	raw_data.adat	ftp://ftp.pride.ebi.ac.uk/pride/data/archive/2025/03/PAD000003/raw_data.adat	SomaScan Assay	v4.1	RFU	P0029867	Raw RFU, Hyb Normalization, medNormInt (SampleId), plateScale, Calibration, medNormSMP	SomaScan 7K	SomaScan Assay v4.1	v1.1.0	NT=sdrf-skills-autoresearch;VV=v0.0.0
PAD000003-C126_positive_13	Homo sapiens	Blood plasma	not available	not available	not available	C126	163	not applicable	blood plasma	PAD000003-r00163-C126_positive_13	protein expression profiling by aptamer array	1	raw_data.adat	ftp://ftp.pride.ebi.ac.uk/pride/data/archive/2025/03/PAD000003/raw_data.adat	SomaScan Assay	v4.1	RFU	P0029867	Raw RFU, Hyb Normalization, medNormInt (SampleId), plateScale, Calibration, medNormSMP	SomaScan 7K	SomaScan Assay v4.1	v1.1.0	NT=sdrf-skills-autoresearch;VV=v0.0.0
PAD000003-C106_negative	Homo sapiens	Blood plasma	not available	not available	not available	C106	164	not applicable	blood plasma	PAD000003-r00164-C106_negative	protein expression profiling by aptamer array	1	raw_data.adat	ftp://ftp.pride.ebi.ac.uk/pride/data/archive/2025/03/PAD000003/raw_data.adat	SomaScan Assay	v4.1	RFU	P0029867	Raw RFU, Hyb Normalization, medNormInt (SampleId), plateScale, Calibration, medNormSMP	SomaScan 7K	SomaScan Assay v4.1	v1.1.0	NT=sdrf-skills-autoresearch;VV=v0.0.0
PAD000003-C224_negative	Homo sapiens	Blood plasma	not available	not available	not available	C224	165	not applicable	blood plasma	PAD000003-r00165-C224_negative	protein expression profiling by aptamer array	1	raw_data.adat	ftp://ftp.pride.ebi.ac.uk/pride/data/archive/2025/03/PAD000003/raw_data.adat	SomaScan Assay	v4.1	RFU	P0029867	Raw RFU, Hyb Normalization, medNormInt (SampleId), plateScale, Calibration, medNormSMP	SomaScan 7K	SomaScan Assay v4.1	v1.1.0	NT=sdrf-skills-autoresearch;VV=v0.0.0
PAD000003-C113_positive_19	Homo sapiens	Blood plasma	not available	not available	not available	C113	166	not applicable	blood plasma	PAD000003-r00166-C113_positive_19	protein expression profiling by aptamer array	1	raw_data.adat	ftp://ftp.pride.ebi.ac.uk/pride/data/archive/2025/03/PAD000003/raw_data.adat	SomaScan Assay	v4.1	RFU	P0029867	Raw RFU, Hyb Normalization, medNormInt (SampleId), plateScale, Calibration, medNormSMP	SomaScan 7K	SomaScan Assay v4.1	v1.1.0	NT=sdrf-skills-autoresearch;VV=v0.0.0
PAD000003-C195_negative	Homo sapiens	Blood plasma	not available	not available	not available	C195	167	not applicable	blood plasma	PAD000003-r00167-C195_negative	protein expression profiling by aptamer array	1	raw_data.adat	ftp://ftp.pride.ebi.ac.uk/pride/data/archive/2025/03/PAD000003/raw_data.adat	SomaScan Assay	v4.1	RFU	P0029867	Raw RFU, Hyb Normalization, medNormInt (SampleId), plateScale, Calibration, medNormSMP	SomaScan 7K	SomaScan Assay v4.1	v1.1.0	NT=sdrf-skills-autoresearch;VV=v0.0.0
PAD000003-C237_negative	Homo sapiens	Blood plasma	not available	not available	not available	C237	168	not applicable	blood plasma	PAD000003-r00168-C237_negative	protein expression profiling by aptamer array	1	raw_data.adat	ftp://ftp.pride.ebi.ac.uk/pride/data/archive/2025/03/PAD000003/raw_data.adat	SomaScan Assay	v4.1	RFU	P0029867	Raw RFU, Hyb Normalization, medNormInt (SampleId), plateScale, Calibration, medNormSMP	SomaScan 7K	SomaScan Assay v4.1	v1.1.0	NT=sdrf-skills-autoresearch;VV=v0.0.0
PAD000003-C93_positive_13	Homo sapiens	Blood plasma	not available	not available	not available	C93	169	not applicable	blood plasma	PAD000003-r00169-C93_positive_13	protein expression profiling by aptamer array	1	raw_data.adat	ftp://ftp.pride.ebi.ac.uk/pride/data/archive/2025/03/PAD000003/raw_data.adat	SomaScan Assay	v4.1	RFU	P0029867	Raw RFU, Hyb Normalization, medNormInt (SampleId), plateScale, Calibration, medNormSMP	SomaScan 7K	SomaScan Assay v4.1	v1.1.0	NT=sdrf-skills-autoresearch;VV=v0.0.0
PAD000003-C141_positive_7	Homo sapiens	Blood plasma	not available	not available	not available	C141	170	not applicable	blood plasma	PAD000003-r00170-C141_positive_7	protein expression profiling by aptamer array	1	raw_data.adat	ftp://ftp.pride.ebi.ac.uk/pride/data/archive/2025/03/PAD000003/raw_data.adat	SomaScan Assay	v4.1	RFU	P0029867	Raw RFU, Hyb Normalization, medNormInt (SampleId), plateScale, Calibration, medNormSMP	SomaScan 7K	SomaScan Assay v4.1	v1.1.0	NT=sdrf-skills-autoresearch;VV=v0.0.0
PAD000003-C137_negative	Homo sapiens	Blood plasma	not available	not available	not available	C137	171	not applicable	blood plasma	PAD000003-r00171-C137_negative	protein expression profiling by aptamer array	1	raw_data.adat	ftp://ftp.pride.ebi.ac.uk/pride/data/archive/2025/03/PAD000003/raw_data.adat	SomaScan Assay	v4.1	RFU	P0029867	Raw RFU, Hyb Normalization, medNormInt (SampleId), plateScale, Calibration, medNormSMP	SomaScan 7K	SomaScan Assay v4.1	v1.1.0	NT=sdrf-skills-autoresearch;VV=v0.0.0
PAD000003-C77_positive_11	Homo sapiens	Blood plasma	not available	not available	not available	C77	172	not applicable	blood plasma	PAD000003-r00172-C77_positive_11	protein expression profiling by aptamer array	1	raw_data.adat	ftp://ftp.pride.ebi.ac.uk/pride/data/archive/2025/03/PAD000003/raw_data.adat	SomaScan Assay	v4.1	RFU	P0029867	Raw RFU, Hyb Normalization, medNormInt (SampleId), plateScale, Calibration, medNormSMP	SomaScan 7K	SomaScan Assay v4.1	v1.1.0	NT=sdrf-skills-autoresearch;VV=v0.0.0
PAD000003-C166_negative	Homo sapiens	Blood plasma	not available	not available	not available	C166	173	not applicable	blood plasma	PAD000003-r00173-C166_negative	protein expression profiling by aptamer array	1	raw_data.adat	ftp://ftp.pride.ebi.ac.uk/pride/data/archive/2025/03/PAD000003/raw_data.adat	SomaScan Assay	v4.1	RFU	P0029867	Raw RFU, Hyb Normalization, medNormInt (SampleId), plateScale, Calibration, medNormSMP	SomaScan 7K	SomaScan Assay v4.1	v1.1.0	NT=sdrf-skills-autoresearch;VV=v0.0.0
PAD000003-C197_negative	Homo sapiens	Blood plasma	not available	not available	not available	C197	174	not applicable	blood plasma	PAD000003-r00174-C197_negative	protein expression profiling by aptamer array	1	raw_data.adat	ftp://ftp.pride.ebi.ac.uk/pride/data/archive/2025/03/PAD000003/raw_data.adat	SomaScan Assay	v4.1	RFU	P0029867	Raw RFU, Hyb Normalization, medNormInt (SampleId), plateScale, Calibration, medNormSMP	SomaScan 7K	SomaScan Assay v4.1	v1.1.0	NT=sdrf-skills-autoresearch;VV=v0.0.0
PAD000003-C138_positive_17	Homo sapiens	Blood plasma	not available	not available	not available	C138	175	not applicable	blood plasma	PAD000003-r00175-C138_positive_17	protein expression profiling by aptamer array	1	raw_data.adat	ftp://ftp.pride.ebi.ac.uk/pride/data/archive/2025/03/PAD000003/raw_data.adat	SomaScan Assay	v4.1	RFU	P0029867	Raw RFU, Hyb Normalization, medNormInt (SampleId), plateScale, Calibration, medNormSMP	SomaScan 7K	SomaScan Assay v4.1	v1.1.0	NT=sdrf-skills-autoresearch;VV=v0.0.0
PAD000003-C130_negative	Homo sapiens	Blood plasma	not available	not available	not available	C130	176	not applicable	blood plasma	PAD000003-r00176-C130_negative	protein expression profiling by aptamer array	1	raw_data.adat	ftp://ftp.pride.ebi.ac.uk/pride/data/archive/2025/03/PAD000003/raw_data.adat	SomaScan Assay	v4.1	RFU	P0029867	Raw RFU, Hyb Normalization, medNormInt (SampleId), plateScale, Calibration, medNormSMP	SomaScan 7K	SomaScan Assay v4.1	v1.1.0	NT=sdrf-skills-autoresearch;VV=v0.0.0
PAD000003-C246_negative	Homo sapiens	Blood plasma	not available	not available	not available	C246	177	not applicable	blood plasma	PAD000003-r00177-C246_negative	protein expression profiling by aptamer array	1	raw_data.adat	ftp://ftp.pride.ebi.ac.uk/pride/data/archive/2025/03/PAD000003/raw_data.adat	SomaScan Assay	v4.1	RFU	P0029867	Raw RFU, Hyb Normalization, medNormInt (SampleId), plateScale, Calibration, medNormSMP	SomaScan 7K	SomaScan Assay v4.1	v1.1.0	NT=sdrf-skills-autoresearch;VV=v0.0.0
PAD000003-C20_positive_14	Homo sapiens	Blood plasma	not available	not available	not available	C20	178	not applicable	blood plasma	PAD000003-r00178-C20_positive_14	protein expression profiling by aptamer array	1	raw_data.adat	ftp://ftp.pride.ebi.ac.uk/pride/data/archive/2025/03/PAD000003/raw_data.adat	SomaScan Assay	v4.1	RFU	P0029867	Raw RFU, Hyb Normalization, medNormInt (SampleId), plateScale, Calibration, medNormSMP	SomaScan 7K	SomaScan Assay v4.1	v1.1.0	NT=sdrf-skills-autoresearch;VV=v0.0.0
PAD000003-C123_positive_7	Homo sapiens	Blood plasma	not available	not available	not available	C123	179	not applicable	blood plasma	PAD000003-r00179-C123_positive_7	protein expression profiling by aptamer array	1	raw_data.adat	ftp://ftp.pride.ebi.ac.uk/pride/data/archive/2025/03/PAD000003/raw_data.adat	SomaScan Assay	v4.1	RFU	P0029867	Raw RFU, Hyb Normalization, medNormInt (SampleId), plateScale, Calibration, medNormSMP	SomaScan 7K	SomaScan Assay v4.1	v1.1.0	NT=sdrf-skills-autoresearch;VV=v0.0.0
PAD000003-C190_positive_2	Homo sapiens	Blood plasma	not available	not available	not available	C190	180	not applicable	blood plasma	PAD000003-r00180-C190_positive_2	protein expression profiling by aptamer array	1	raw_data.adat	ftp://ftp.pride.ebi.ac.uk/pride/data/archive/2025/03/PAD000003/raw_data.adat	SomaScan Assay	v4.1	RFU	P0029867	Raw RFU, Hyb Normalization, medNormInt (SampleId), plateScale, Calibration, medNormSMP	SomaScan 7K	SomaScan Assay v4.1	v1.1.0	NT=sdrf-skills-autoresearch;VV=v0.0.0
PAD000003-C110_positive_2	Homo sapiens	Blood plasma	not available	not available	not available	C110	181	not applicable	blood plasma	PAD000003-r00181-C110_positive_2	protein expression profiling by aptamer array	1	raw_data.adat	ftp://ftp.pride.ebi.ac.uk/pride/data/archive/2025/03/PAD000003/raw_data.adat	SomaScan Assay	v4.1	RFU	P0029867	Raw RFU, Hyb Normalization, medNormInt (SampleId), plateScale, Calibration, medNormSMP	SomaScan 7K	SomaScan Assay v4.1	v1.1.0	NT=sdrf-skills-autoresearch;VV=v0.0.0
PAD000003-C138_positive_14	Homo sapiens	Blood plasma	not available	not available	not available	C138	182	not applicable	blood plasma	PAD000003-r00182-C138_positive_14	protein expression profiling by aptamer array	1	raw_data.adat	ftp://ftp.pride.ebi.ac.uk/pride/data/archive/2025/03/PAD000003/raw_data.adat	SomaScan Assay	v4.1	RFU	P0029867	Raw RFU, Hyb Normalization, medNormInt (SampleId), plateScale, Calibration, medNormSMP	SomaScan 7K	SomaScan Assay v4.1	v1.1.0	NT=sdrf-skills-autoresearch;VV=v0.0.0
PAD000003-C147_positive_7	Homo sapiens	Blood plasma	not available	not available	not available	C147	183	not applicable	blood plasma	PAD000003-r00183-C147_positive_7	protein expression profiling by aptamer array	1	raw_data.adat	ftp://ftp.pride.ebi.ac.uk/pride/data/archive/2025/03/PAD000003/raw_data.adat	SomaScan Assay	v4.1	RFU	P0029867	Raw RFU, Hyb Normalization, medNormInt (SampleId), plateScale, Calibration, medNormSMP	SomaScan 7K	SomaScan Assay v4.1	v1.1.0	NT=sdrf-skills-autoresearch;VV=v0.0.0
PAD000003-C126_positive_2	Homo sapiens	Blood plasma	not available	not available	not available	C126	184	not applicable	blood plasma	PAD000003-r00184-C126_positive_2	protein expression profiling by aptamer array	1	raw_data.adat	ftp://ftp.pride.ebi.ac.uk/pride/data/archive/2025/03/PAD000003/raw_data.adat	SomaScan Assay	v4.1	RFU	P0029867	Raw RFU, Hyb Normalization, medNormInt (SampleId), plateScale, Calibration, medNormSMP	SomaScan 7K	SomaScan Assay v4.1	v1.1.0	NT=sdrf-skills-autoresearch;VV=v0.0.0
PAD000003-C42_positive_2	Homo sapiens	Blood plasma	not available	not available	not available	C42	185	not applicable	blood plasma	PAD000003-r00185-C42_positive_2	protein expression profiling by aptamer array	1	raw_data.adat	ftp://ftp.pride.ebi.ac.uk/pride/data/archive/2025/03/PAD000003/raw_data.adat	SomaScan Assay	v4.1	RFU	P0029867	Raw RFU, Hyb Normalization, medNormInt (SampleId), plateScale, Calibration, medNormSMP	SomaScan 7K	SomaScan Assay v4.1	v1.1.0	NT=sdrf-skills-autoresearch;VV=v0.0.0
PAD000003-C60_positive_9	Homo sapiens	Blood plasma	not available	not available	not available	C60	186	not applicable	blood plasma	PAD000003-r00186-C60_positive_9	protein expression profiling by aptamer array	1	raw_data.adat	ftp://ftp.pride.ebi.ac.uk/pride/data/archive/2025/03/PAD000003/raw_data.adat	SomaScan Assay	v4.1	RFU	P0029867	Raw RFU, Hyb Normalization, medNormInt (SampleId), plateScale, Calibration, medNormSMP	SomaScan 7K	SomaScan Assay v4.1	v1.1.0	NT=sdrf-skills-autoresearch;VV=v0.0.0
PAD000003-C34_positive_11	Homo sapiens	Blood plasma	not available	not available	not available	C34	187	not applicable	blood plasma	PAD000003-r00187-C34_positive_11	protein expression profiling by aptamer array	1	raw_data.adat	ftp://ftp.pride.ebi.ac.uk/pride/data/archive/2025/03/PAD000003/raw_data.adat	SomaScan Assay	v4.1	RFU	P0029867	Raw RFU, Hyb Normalization, medNormInt (SampleId), plateScale, Calibration, medNormSMP	SomaScan 7K	SomaScan Assay v4.1	v1.1.0	NT=sdrf-skills-autoresearch;VV=v0.0.0
PAD000003-C214_negative	Homo sapiens	Blood plasma	not available	not available	not available	C214	188	not applicable	blood plasma	PAD000003-r00188-C214_negative	protein expression profiling by aptamer array	1	raw_data.adat	ftp://ftp.pride.ebi.ac.uk/pride/data/archive/2025/03/PAD000003/raw_data.adat	SomaScan Assay	v4.1	RFU	P0029867	Raw RFU, Hyb Normalization, medNormInt (SampleId), plateScale, Calibration, medNormSMP	SomaScan 7K	SomaScan Assay v4.1	v1.1.0	NT=sdrf-skills-autoresearch;VV=v0.0.0
PAD000003-C36_positive_12	Homo sapiens	Blood plasma	not available	not available	not available	C36	189	not applicable	blood plasma	PAD000003-r00189-C36_positive_12	protein expression profiling by aptamer array	1	raw_data.adat	ftp://ftp.pride.ebi.ac.uk/pride/data/archive/2025/03/PAD000003/raw_data.adat	SomaScan Assay	v4.1	RFU	P0029867	Raw RFU, Hyb Normalization, medNormInt (SampleId), plateScale, Calibration, medNormSMP	SomaScan 7K	SomaScan Assay v4.1	v1.1.0	NT=sdrf-skills-autoresearch;VV=v0.0.0
PAD000003-C187_positive_7	Homo sapiens	Blood plasma	not available	not available	not available	C187	190	not applicable	blood plasma	PAD000003-r00190-C187_positive_7	protein expression profiling by aptamer array	1	raw_data.adat	ftp://ftp.pride.ebi.ac.uk/pride/data/archive/2025/03/PAD000003/raw_data.adat	SomaScan Assay	v4.1	RFU	P0029867	Raw RFU, Hyb Normalization, medNormInt (SampleId), plateScale, Calibration, medNormSMP	SomaScan 7K	SomaScan Assay v4.1	v1.1.0	NT=sdrf-skills-autoresearch;VV=v0.0.0
PAD000003-C67_positive_3	Homo sapiens	Blood plasma	not available	not available	not available	C67	191	not applicable	blood plasma	PAD000003-r00191-C67_positive_3	protein expression profiling by aptamer array	1	raw_data.adat	ftp://ftp.pride.ebi.ac.uk/pride/data/archive/2025/03/PAD000003/raw_data.adat	SomaScan Assay	v4.1	RFU	P0029867	Raw RFU, Hyb Normalization, medNormInt (SampleId), plateScale, Calibration, medNormSMP	SomaScan 7K	SomaScan Assay v4.1	v1.1.0	NT=sdrf-skills-autoresearch;VV=v0.0.0
PAD000003-C58_positive_12	Homo sapiens	Blood plasma	not available	not available	not available	C58	192	not applicable	blood plasma	PAD000003-r00192-C58_positive_12	protein expression profiling by aptamer array	1	raw_data.adat	ftp://ftp.pride.ebi.ac.uk/pride/data/archive/2025/03/PAD000003/raw_data.adat	SomaScan Assay	v4.1	RFU	P0029867	Raw RFU, Hyb Normalization, medNormInt (SampleId), plateScale, Calibration, medNormSMP	SomaScan 7K	SomaScan Assay v4.1	v1.1.0	NT=sdrf-skills-autoresearch;VV=v0.0.0
PAD000003-C164_negative	Homo sapiens	Blood plasma	not available	not available	not available	C164	193	not applicable	blood plasma	PAD000003-r00193-C164_negative	protein expression profiling by aptamer array	1	raw_data.adat	ftp://ftp.pride.ebi.ac.uk/pride/data/archive/2025/03/PAD000003/raw_data.adat	SomaScan Assay	v4.1	RFU	P0029867	Raw RFU, Hyb Normalization, medNormInt (SampleId), plateScale, Calibration, medNormSMP	SomaScan 7K	SomaScan Assay v4.1	v1.1.0	NT=sdrf-skills-autoresearch;VV=v0.0.0
PAD000003-C27_positive_6	Homo sapiens	Blood plasma	not available	not available	not available	C27	194	not applicable	blood plasma	PAD000003-r00194-C27_positive_6	protein expression profiling by aptamer array	1	raw_data.adat	ftp://ftp.pride.ebi.ac.uk/pride/data/archive/2025/03/PAD000003/raw_data.adat	SomaScan Assay	v4.1	RFU	P0029867	Raw RFU, Hyb Normalization, medNormInt (SampleId), plateScale, Calibration, medNormSMP	SomaScan 7K	SomaScan Assay v4.1	v1.1.0	NT=sdrf-skills-autoresearch;VV=v0.0.0
PAD000003-C42_positive_14	Homo sapiens	Blood plasma	not available	not available	not available	C42	195	not applicable	blood plasma	PAD000003-r00195-C42_positive_14	protein expression profiling by aptamer array	1	raw_data.adat	ftp://ftp.pride.ebi.ac.uk/pride/data/archive/2025/03/PAD000003/raw_data.adat	SomaScan Assay	v4.1	RFU	P0029867	Raw RFU, Hyb Normalization, medNormInt (SampleId), plateScale, Calibration, medNormSMP	SomaScan 7K	SomaScan Assay v4.1	v1.1.0	NT=sdrf-skills-autoresearch;VV=v0.0.0
PAD000003-C31_positive_11	Homo sapiens	Blood plasma	not available	not available	not available	C31	196	not applicable	blood plasma	PAD000003-r00196-C31_positive_11	protein expression profiling by aptamer array	1	raw_data.adat	ftp://ftp.pride.ebi.ac.uk/pride/data/archive/2025/03/PAD000003/raw_data.adat	SomaScan Assay	v4.1	RFU	P0029867	Raw RFU, Hyb Normalization, medNormInt (SampleId), plateScale, Calibration, medNormSMP	SomaScan 7K	SomaScan Assay v4.1	v1.1.0	NT=sdrf-skills-autoresearch;VV=v0.0.0
PAD000003-C58_positive_7	Homo sapiens	Blood plasma	not available	not available	not available	C58	197	not applicable	blood plasma	PAD000003-r00197-C58_positive_7	protein expression profiling by aptamer array	1	raw_data.adat	ftp://ftp.pride.ebi.ac.uk/pride/data/archive/2025/03/PAD000003/raw_data.adat	SomaScan Assay	v4.1	RFU	P0029867	Raw RFU, Hyb Normalization, medNormInt (SampleId), plateScale, Calibration, medNormSMP	SomaScan 7K	SomaScan Assay v4.1	v1.1.0	NT=sdrf-skills-autoresearch;VV=v0.0.0
PAD000003-C58_negative	Homo sapiens	Blood plasma	not available	not available	not available	C58	198	not applicable	blood plasma	PAD000003-r00198-C58_negative	protein expression profiling by aptamer array	1	raw_data.adat	ftp://ftp.pride.ebi.ac.uk/pride/data/archive/2025/03/PAD000003/raw_data.adat	SomaScan Assay	v4.1	RFU	P0029870	Raw RFU, Hyb Normalization, medNormInt (SampleId), plateScale, Calibration, medNormSMP	SomaScan 7K	SomaScan Assay v4.1	v1.1.0	NT=sdrf-skills-autoresearch;VV=v0.0.0
PAD000003-C116_positive_9	Homo sapiens	Blood plasma	not available	not available	not available	C116	199	not applicable	blood plasma	PAD000003-r00199-C116_positive_9	protein expression profiling by aptamer array	1	raw_data.adat	ftp://ftp.pride.ebi.ac.uk/pride/data/archive/2025/03/PAD000003/raw_data.adat	SomaScan Assay	v4.1	RFU	P0029870	Raw RFU, Hyb Normalization, medNormInt (SampleId), plateScale, Calibration, medNormSMP	SomaScan 7K	SomaScan Assay v4.1	v1.1.0	NT=sdrf-skills-autoresearch;VV=v0.0.0
PAD000003-C139_positive_8	Homo sapiens	Blood plasma	not available	not available	not available	C139	200	not applicable	blood plasma	PAD000003-r00200-C139_positive_8	protein expression profiling by aptamer array	1	raw_data.adat	ftp://ftp.pride.ebi.ac.uk/pride/data/archive/2025/03/PAD000003/raw_data.adat	SomaScan Assay	v4.1	RFU	P0029870	Raw RFU, Hyb Normalization, medNormInt (SampleId), plateScale, Calibration, medNormSMP	SomaScan 7K	SomaScan Assay v4.1	v1.1.0	NT=sdrf-skills-autoresearch;VV=v0.0.0
PAD000003-C137_positive_14	Homo sapiens	Blood plasma	not available	not available	not available	C137	201	not applicable	blood plasma	PAD000003-r00201-C137_positive_14	protein expression profiling by aptamer array	1	raw_data.adat	ftp://ftp.pride.ebi.ac.uk/pride/data/archive/2025/03/PAD000003/raw_data.adat	SomaScan Assay	v4.1	RFU	P0029870	Raw RFU, Hyb Normalization, medNormInt (SampleId), plateScale, Calibration, medNormSMP	SomaScan 7K	SomaScan Assay v4.1	v1.1.0	NT=sdrf-skills-autoresearch;VV=v0.0.0
PAD000003-C187_positive_12	Homo sapiens	Blood plasma	not available	not available	not available	C187	202	not applicable	blood plasma	PAD000003-r00202-C187_positive_12	protein expression profiling by aptamer array	1	raw_data.adat	ftp://ftp.pride.ebi.ac.uk/pride/data/archive/2025/03/PAD000003/raw_data.adat	SomaScan Assay	v4.1	RFU	P0029870	Raw RFU, Hyb Normalization, medNormInt (SampleId), plateScale, Calibration, medNormSMP	SomaScan 7K	SomaScan Assay v4.1	v1.1.0	NT=sdrf-skills-autoresearch;VV=v0.0.0
PAD000003-C141_positive_13	Homo sapiens	Blood plasma	not available	not available	not available	C141	203	not applicable	blood plasma	PAD000003-r00203-C141_positive_13	protein expression profiling by aptamer array	1	raw_data.adat	ftp://ftp.pride.ebi.ac.uk/pride/data/archive/2025/03/PAD000003/raw_data.adat	SomaScan Assay	v4.1	RFU	P0029870	Raw RFU, Hyb Normalization, medNormInt (SampleId), plateScale, Calibration, medNormSMP	SomaScan 7K	SomaScan Assay v4.1	v1.1.0	NT=sdrf-skills-autoresearch;VV=v0.0.0
PAD000003-C93_positive_20	Homo sapiens	Blood plasma	not available	not available	not available	C93	204	not applicable	blood plasma	PAD000003-r00204-C93_positive_20	protein expression profiling by aptamer array	1	raw_data.adat	ftp://ftp.pride.ebi.ac.uk/pride/data/archive/2025/03/PAD000003/raw_data.adat	SomaScan Assay	v4.1	RFU	P0029870	Raw RFU, Hyb Normalization, medNormInt (SampleId), plateScale, Calibration, medNormSMP	SomaScan 7K	SomaScan Assay v4.1	v1.1.0	NT=sdrf-skills-autoresearch;VV=v0.0.0
PAD000003-C69_negative	Homo sapiens	Blood plasma	not available	not available	not available	C69	205	not applicable	blood plasma	PAD000003-r00205-C69_negative	protein expression profiling by aptamer array	1	raw_data.adat	ftp://ftp.pride.ebi.ac.uk/pride/data/archive/2025/03/PAD000003/raw_data.adat	SomaScan Assay	v4.1	RFU	P0029870	Raw RFU, Hyb Normalization, medNormInt (SampleId), plateScale, Calibration, medNormSMP	SomaScan 7K	SomaScan Assay v4.1	v1.1.0	NT=sdrf-skills-autoresearch;VV=v0.0.0
PAD000003-C241_negative	Homo sapiens	Blood plasma	not available	not available	not available	C241	206	not applicable	blood plasma	PAD000003-r00206-C241_negative	protein expression profiling by aptamer array	1	raw_data.adat	ftp://ftp.pride.ebi.ac.uk/pride/data/archive/2025/03/PAD000003/raw_data.adat	SomaScan Assay	v4.1	RFU	P0029870	Raw RFU, Hyb Normalization, medNormInt (SampleId), plateScale, Calibration, medNormSMP	SomaScan 7K	SomaScan Assay v4.1	v1.1.0	NT=sdrf-skills-autoresearch;VV=v0.0.0
PAD000003-C190_negative	Homo sapiens	Blood plasma	not available	not available	not available	C190	207	not applicable	blood plasma	PAD000003-r00207-C190_negative	protein expression profiling by aptamer array	1	raw_data.adat	ftp://ftp.pride.ebi.ac.uk/pride/data/archive/2025/03/PAD000003/raw_data.adat	SomaScan Assay	v4.1	RFU	P0029870	Raw RFU, Hyb Normalization, medNormInt (SampleId), plateScale, Calibration, medNormSMP	SomaScan 7K	SomaScan Assay v4.1	v1.1.0	NT=sdrf-skills-autoresearch;VV=v0.0.0
PAD000003-C33_positive_11	Homo sapiens	Blood plasma	not available	not available	not available	C33	208	not applicable	blood plasma	PAD000003-r00208-C33_positive_11	protein expression profiling by aptamer array	1	raw_data.adat	ftp://ftp.pride.ebi.ac.uk/pride/data/archive/2025/03/PAD000003/raw_data.adat	SomaScan Assay	v4.1	RFU	P0029870	Raw RFU, Hyb Normalization, medNormInt (SampleId), plateScale, Calibration, medNormSMP	SomaScan 7K	SomaScan Assay v4.1	v1.1.0	NT=sdrf-skills-autoresearch;VV=v0.0.0
PAD000003-C40_positive_2	Homo sapiens	Blood plasma	not available	not available	not available	C40	209	not applicable	blood plasma	PAD000003-r00209-C40_positive_2	protein expression profiling by aptamer array	1	raw_data.adat	ftp://ftp.pride.ebi.ac.uk/pride/data/archive/2025/03/PAD000003/raw_data.adat	SomaScan Assay	v4.1	RFU	P0029870	Raw RFU, Hyb Normalization, medNormInt (SampleId), plateScale, Calibration, medNormSMP	SomaScan 7K	SomaScan Assay v4.1	v1.1.0	NT=sdrf-skills-autoresearch;VV=v0.0.0
PAD000003-C189_negative	Homo sapiens	Blood plasma	not available	not available	not available	C189	210	not applicable	blood plasma	PAD000003-r00210-C189_negative	protein expression profiling by aptamer array	1	raw_data.adat	ftp://ftp.pride.ebi.ac.uk/pride/data/archive/2025/03/PAD000003/raw_data.adat	SomaScan Assay	v4.1	RFU	P0029870	Raw RFU, Hyb Normalization, medNormInt (SampleId), plateScale, Calibration, medNormSMP	SomaScan 7K	SomaScan Assay v4.1	v1.1.0	NT=sdrf-skills-autoresearch;VV=v0.0.0
PAD000003-C234_negative	Homo sapiens	Blood plasma	not available	not available	not available	C234	211	not applicable	blood plasma	PAD000003-r00211-C234_negative	protein expression profiling by aptamer array	1	raw_data.adat	ftp://ftp.pride.ebi.ac.uk/pride/data/archive/2025/03/PAD000003/raw_data.adat	SomaScan Assay	v4.1	RFU	P0029870	Raw RFU, Hyb Normalization, medNormInt (SampleId), plateScale, Calibration, medNormSMP	SomaScan 7K	SomaScan Assay v4.1	v1.1.0	NT=sdrf-skills-autoresearch;VV=v0.0.0
PAD000003-C140_positive_12	Homo sapiens	Blood plasma	not available	not available	not available	C140	212	not applicable	blood plasma	PAD000003-r00212-C140_positive_12	protein expression profiling by aptamer array	1	raw_data.adat	ftp://ftp.pride.ebi.ac.uk/pride/data/archive/2025/03/PAD000003/raw_data.adat	SomaScan Assay	v4.1	RFU	P0029870	Raw RFU, Hyb Normalization, medNormInt (SampleId), plateScale, Calibration, medNormSMP	SomaScan 7K	SomaScan Assay v4.1	v1.1.0	NT=sdrf-skills-autoresearch;VV=v0.0.0
PAD000003-C63_positive_12	Homo sapiens	Blood plasma	not available	not available	not available	C63	213	not applicable	blood plasma	PAD000003-r00213-C63_positive_12	protein expression profiling by aptamer array	1	raw_data.adat	ftp://ftp.pride.ebi.ac.uk/pride/data/archive/2025/03/PAD000003/raw_data.adat	SomaScan Assay	v4.1	RFU	P0029870	Raw RFU, Hyb Normalization, medNormInt (SampleId), plateScale, Calibration, medNormSMP	SomaScan 7K	SomaScan Assay v4.1	v1.1.0	NT=sdrf-skills-autoresearch;VV=v0.0.0
PAD000003-C141_positive_17	Homo sapiens	Blood plasma	not available	not available	not available	C141	214	not applicable	blood plasma	PAD000003-r00214-C141_positive_17	protein expression profiling by aptamer array	1	raw_data.adat	ftp://ftp.pride.ebi.ac.uk/pride/data/archive/2025/03/PAD000003/raw_data.adat	SomaScan Assay	v4.1	RFU	P0029870	Raw RFU, Hyb Normalization, medNormInt (SampleId), plateScale, Calibration, medNormSMP	SomaScan 7K	SomaScan Assay v4.1	v1.1.0	NT=sdrf-skills-autoresearch;VV=v0.0.0
PAD000003-C113_positive_6	Homo sapiens	Blood plasma	not available	not available	not available	C113	215	not applicable	blood plasma	PAD000003-r00215-C113_positive_6	protein expression profiling by aptamer array	1	raw_data.adat	ftp://ftp.pride.ebi.ac.uk/pride/data/archive/2025/03/PAD000003/raw_data.adat	SomaScan Assay	v4.1	RFU	P0029870	Raw RFU, Hyb Normalization, medNormInt (SampleId), plateScale, Calibration, medNormSMP	SomaScan 7K	SomaScan Assay v4.1	v1.1.0	NT=sdrf-skills-autoresearch;VV=v0.0.0
PAD000003-C168_positive_4	Homo sapiens	Blood plasma	not available	not available	not available	C168	216	not applicable	blood plasma	PAD000003-r00216-C168_positive_4	protein expression profiling by aptamer array	1	raw_data.adat	ftp://ftp.pride.ebi.ac.uk/pride/data/archive/2025/03/PAD000003/raw_data.adat	SomaScan Assay	v4.1	RFU	P0029870	Raw RFU, Hyb Normalization, medNormInt (SampleId), plateScale, Calibration, medNormSMP	SomaScan 7K	SomaScan Assay v4.1	v1.1.0	NT=sdrf-skills-autoresearch;VV=v0.0.0
PAD000003-C64_negative	Homo sapiens	Blood plasma	not available	not available	not available	C64	217	not applicable	blood plasma	PAD000003-r00217-C64_negative	protein expression profiling by aptamer array	1	raw_data.adat	ftp://ftp.pride.ebi.ac.uk/pride/data/archive/2025/03/PAD000003/raw_data.adat	SomaScan Assay	v4.1	RFU	P0029870	Raw RFU, Hyb Normalization, medNormInt (SampleId), plateScale, Calibration, medNormSMP	SomaScan 7K	SomaScan Assay v4.1	v1.1.0	NT=sdrf-skills-autoresearch;VV=v0.0.0
PAD000003-C108_positive_9	Homo sapiens	Blood plasma	not available	not available	not available	C108	218	not applicable	blood plasma	PAD000003-r00218-C108_positive_9	protein expression profiling by aptamer array	1	raw_data.adat	ftp://ftp.pride.ebi.ac.uk/pride/data/archive/2025/03/PAD000003/raw_data.adat	SomaScan Assay	v4.1	RFU	P0029870	Raw RFU, Hyb Normalization, medNormInt (SampleId), plateScale, Calibration, medNormSMP	SomaScan 7K	SomaScan Assay v4.1	v1.1.0	NT=sdrf-skills-autoresearch;VV=v0.0.0
PAD000003-C145_positive_9	Homo sapiens	Blood plasma	not available	not available	not available	C145	219	not applicable	blood plasma	PAD000003-r00219-C145_positive_9	protein expression profiling by aptamer array	1	raw_data.adat	ftp://ftp.pride.ebi.ac.uk/pride/data/archive/2025/03/PAD000003/raw_data.adat	SomaScan Assay	v4.1	RFU	P0029870	Raw RFU, Hyb Normalization, medNormInt (SampleId), plateScale, Calibration, medNormSMP	SomaScan 7K	SomaScan Assay v4.1	v1.1.0	NT=sdrf-skills-autoresearch;VV=v0.0.0
PAD000003-C146_positive_14	Homo sapiens	Blood plasma	not available	not available	not available	C146	220	not applicable	blood plasma	PAD000003-r00220-C146_positive_14	protein expression profiling by aptamer array	1	raw_data.adat	ftp://ftp.pride.ebi.ac.uk/pride/data/archive/2025/03/PAD000003/raw_data.adat	SomaScan Assay	v4.1	RFU	P0029870	Raw RFU, Hyb Normalization, medNormInt (SampleId), plateScale, Calibration, medNormSMP	SomaScan 7K	SomaScan Assay v4.1	v1.1.0	NT=sdrf-skills-autoresearch;VV=v0.0.0
PAD000003-C128_positive_14	Homo sapiens	Blood plasma	not available	not available	not available	C128	221	not applicable	blood plasma	PAD000003-r00221-C128_positive_14	protein expression profiling by aptamer array	1	raw_data.adat	ftp://ftp.pride.ebi.ac.uk/pride/data/archive/2025/03/PAD000003/raw_data.adat	SomaScan Assay	v4.1	RFU	P0029870	Raw RFU, Hyb Normalization, medNormInt (SampleId), plateScale, Calibration, medNormSMP	SomaScan 7K	SomaScan Assay v4.1	v1.1.0	NT=sdrf-skills-autoresearch;VV=v0.0.0
PAD000003-C138_positive_19	Homo sapiens	Blood plasma	not available	not available	not available	C138	222	not applicable	blood plasma	PAD000003-r00222-C138_positive_19	protein expression profiling by aptamer array	1	raw_data.adat	ftp://ftp.pride.ebi.ac.uk/pride/data/archive/2025/03/PAD000003/raw_data.adat	SomaScan Assay	v4.1	RFU	P0029870	Raw RFU, Hyb Normalization, medNormInt (SampleId), plateScale, Calibration, medNormSMP	SomaScan 7K	SomaScan Assay v4.1	v1.1.0	NT=sdrf-skills-autoresearch;VV=v0.0.0
PAD000003-C73_positive_11	Homo sapiens	Blood plasma	not available	not available	not available	C73	223	not applicable	blood plasma	PAD000003-r00223-C73_positive_11	protein expression profiling by aptamer array	1	raw_data.adat	ftp://ftp.pride.ebi.ac.uk/pride/data/archive/2025/03/PAD000003/raw_data.adat	SomaScan Assay	v4.1	RFU	P0029870	Raw RFU, Hyb Normalization, medNormInt (SampleId), plateScale, Calibration, medNormSMP	SomaScan 7K	SomaScan Assay v4.1	v1.1.0	NT=sdrf-skills-autoresearch;VV=v0.0.0
PAD000003-C190_positive_12	Homo sapiens	Blood plasma	not available	not available	not available	C190	224	not applicable	blood plasma	PAD000003-r00224-C190_positive_12	protein expression profiling by aptamer array	1	raw_data.adat	ftp://ftp.pride.ebi.ac.uk/pride/data/archive/2025/03/PAD000003/raw_data.adat	SomaScan Assay	v4.1	RFU	P0029870	Raw RFU, Hyb Normalization, medNormInt (SampleId), plateScale, Calibration, medNormSMP	SomaScan 7K	SomaScan Assay v4.1	v1.1.0	NT=sdrf-skills-autoresearch;VV=v0.0.0
PAD000003-C138_negative	Homo sapiens	Blood plasma	not available	not available	not available	C138	225	not applicable	blood plasma	PAD000003-r00225-C138_negative	protein expression profiling by aptamer array	1	raw_data.adat	ftp://ftp.pride.ebi.ac.uk/pride/data/archive/2025/03/PAD000003/raw_data.adat	SomaScan Assay	v4.1	RFU	P0029870	Raw RFU, Hyb Normalization, medNormInt (SampleId), plateScale, Calibration, medNormSMP	SomaScan 7K	SomaScan Assay v4.1	v1.1.0	NT=sdrf-skills-autoresearch;VV=v0.0.0
PAD000003-C87_positive_2	Homo sapiens	Blood plasma	not available	not available	not available	C87	226	not applicable	blood plasma	PAD000003-r00226-C87_positive_2	protein expression profiling by aptamer array	1	raw_data.adat	ftp://ftp.pride.ebi.ac.uk/pride/data/archive/2025/03/PAD000003/raw_data.adat	SomaScan Assay	v4.1	RFU	P0029870	Raw RFU, Hyb Normalization, medNormInt (SampleId), plateScale, Calibration, medNormSMP	SomaScan 7K	SomaScan Assay v4.1	v1.1.0	NT=sdrf-skills-autoresearch;VV=v0.0.0
PAD000003-C116_positive_13	Homo sapiens	Blood plasma	not available	not available	not available	C116	227	not applicable	blood plasma	PAD000003-r00227-C116_positive_13	protein expression profiling by aptamer array	1	raw_data.adat	ftp://ftp.pride.ebi.ac.uk/pride/data/archive/2025/03/PAD000003/raw_data.adat	SomaScan Assay	v4.1	RFU	P0029870	Raw RFU, Hyb Normalization, medNormInt (SampleId), plateScale, Calibration, medNormSMP	SomaScan 7K	SomaScan Assay v4.1	v1.1.0	NT=sdrf-skills-autoresearch;VV=v0.0.0
PAD000003-C42_positive_9	Homo sapiens	Blood plasma	not available	not available	not available	C42	228	not applicable	blood plasma	PAD000003-r00228-C42_positive_9	protein expression profiling by aptamer array	1	raw_data.adat	ftp://ftp.pride.ebi.ac.uk/pride/data/archive/2025/03/PAD000003/raw_data.adat	SomaScan Assay	v4.1	RFU	P0029870	Raw RFU, Hyb Normalization, medNormInt (SampleId), plateScale, Calibration, medNormSMP	SomaScan 7K	SomaScan Assay v4.1	v1.1.0	NT=sdrf-skills-autoresearch;VV=v0.0.0
PAD000003-C146_positive_10	Homo sapiens	Blood plasma	not available	not available	not available	C146	229	not applicable	blood plasma	PAD000003-r00229-C146_positive_10	protein expression profiling by aptamer array	1	raw_data.adat	ftp://ftp.pride.ebi.ac.uk/pride/data/archive/2025/03/PAD000003/raw_data.adat	SomaScan Assay	v4.1	RFU	P0029870	Raw RFU, Hyb Normalization, medNormInt (SampleId), plateScale, Calibration, medNormSMP	SomaScan 7K	SomaScan Assay v4.1	v1.1.0	NT=sdrf-skills-autoresearch;VV=v0.0.0
PAD000003-C101_positive_6	Homo sapiens	Blood plasma	not available	not available	not available	C101	230	not applicable	blood plasma	PAD000003-r00230-C101_positive_6	protein expression profiling by aptamer array	1	raw_data.adat	ftp://ftp.pride.ebi.ac.uk/pride/data/archive/2025/03/PAD000003/raw_data.adat	SomaScan Assay	v4.1	RFU	P0029870	Raw RFU, Hyb Normalization, medNormInt (SampleId), plateScale, Calibration, medNormSMP	SomaScan 7K	SomaScan Assay v4.1	v1.1.0	NT=sdrf-skills-autoresearch;VV=v0.0.0
PAD000003-C190_positive_14	Homo sapiens	Blood plasma	not available	not available	not available	C190	231	not applicable	blood plasma	PAD000003-r00231-C190_positive_14	protein expression profiling by aptamer array	1	raw_data.adat	ftp://ftp.pride.ebi.ac.uk/pride/data/archive/2025/03/PAD000003/raw_data.adat	SomaScan Assay	v4.1	RFU	P0029870	Raw RFU, Hyb Normalization, medNormInt (SampleId), plateScale, Calibration, medNormSMP	SomaScan 7K	SomaScan Assay v4.1	v1.1.0	NT=sdrf-skills-autoresearch;VV=v0.0.0
PAD000003-C170_positive_4	Homo sapiens	Blood plasma	not available	not available	not available	C170	232	not applicable	blood plasma	PAD000003-r00232-C170_positive_4	protein expression profiling by aptamer array	1	raw_data.adat	ftp://ftp.pride.ebi.ac.uk/pride/data/archive/2025/03/PAD000003/raw_data.adat	SomaScan Assay	v4.1	RFU	P0029870	Raw RFU, Hyb Normalization, medNormInt (SampleId), plateScale, Calibration, medNormSMP	SomaScan 7K	SomaScan Assay v4.1	v1.1.0	NT=sdrf-skills-autoresearch;VV=v0.0.0
PAD000003-C140_positive_7	Homo sapiens	Blood plasma	not available	not available	not available	C140	233	not applicable	blood plasma	PAD000003-r00233-C140_positive_7	protein expression profiling by aptamer array	1	raw_data.adat	ftp://ftp.pride.ebi.ac.uk/pride/data/archive/2025/03/PAD000003/raw_data.adat	SomaScan Assay	v4.1	RFU	P0029870	Raw RFU, Hyb Normalization, medNormInt (SampleId), plateScale, Calibration, medNormSMP	SomaScan 7K	SomaScan Assay v4.1	v1.1.0	NT=sdrf-skills-autoresearch;VV=v0.0.0
PAD000003-C134_negative	Homo sapiens	Blood plasma	not available	not available	not available	C134	234	not applicable	blood plasma	PAD000003-r00234-C134_negative	protein expression profiling by aptamer array	1	raw_data.adat	ftp://ftp.pride.ebi.ac.uk/pride/data/archive/2025/03/PAD000003/raw_data.adat	SomaScan Assay	v4.1	RFU	P0029870	Raw RFU, Hyb Normalization, medNormInt (SampleId), plateScale, Calibration, medNormSMP	SomaScan 7K	SomaScan Assay v4.1	v1.1.0	NT=sdrf-skills-autoresearch;VV=v0.0.0
PAD000003-C170_positive_11	Homo sapiens	Blood plasma	not available	not available	not available	C170	235	not applicable	blood plasma	PAD000003-r00235-C170_positive_11	protein expression profiling by aptamer array	1	raw_data.adat	ftp://ftp.pride.ebi.ac.uk/pride/data/archive/2025/03/PAD000003/raw_data.adat	SomaScan Assay	v4.1	RFU	P0029870	Raw RFU, Hyb Normalization, medNormInt (SampleId), plateScale, Calibration, medNormSMP	SomaScan 7K	SomaScan Assay v4.1	v1.1.0	NT=sdrf-skills-autoresearch;VV=v0.0.0
PAD000003-C47_positive_9	Homo sapiens	Blood plasma	not available	not available	not available	C47	236	not applicable	blood plasma	PAD000003-r00236-C47_positive_9	protein expression profiling by aptamer array	1	raw_data.adat	ftp://ftp.pride.ebi.ac.uk/pride/data/archive/2025/03/PAD000003/raw_data.adat	SomaScan Assay	v4.1	RFU	P0029870	Raw RFU, Hyb Normalization, medNormInt (SampleId), plateScale, Calibration, medNormSMP	SomaScan 7K	SomaScan Assay v4.1	v1.1.0	NT=sdrf-skills-autoresearch;VV=v0.0.0
PAD000003-C242_negative	Homo sapiens	Blood plasma	not available	not available	not available	C242	237	not applicable	blood plasma	PAD000003-r00237-C242_negative	protein expression profiling by aptamer array	1	raw_data.adat	ftp://ftp.pride.ebi.ac.uk/pride/data/archive/2025/03/PAD000003/raw_data.adat	SomaScan Assay	v4.1	RFU	P0029870	Raw RFU, Hyb Normalization, medNormInt (SampleId), plateScale, Calibration, medNormSMP	SomaScan 7K	SomaScan Assay v4.1	v1.1.0	NT=sdrf-skills-autoresearch;VV=v0.0.0
PAD000003-C108_negative	Homo sapiens	Blood plasma	not available	not available	not available	C108	238	not applicable	blood plasma	PAD000003-r00238-C108_negative	protein expression profiling by aptamer array	1	raw_data.adat	ftp://ftp.pride.ebi.ac.uk/pride/data/archive/2025/03/PAD000003/raw_data.adat	SomaScan Assay	v4.1	RFU	P0029870	Raw RFU, Hyb Normalization, medNormInt (SampleId), plateScale, Calibration, medNormSMP	SomaScan 7K	SomaScan Assay v4.1	v1.1.0	NT=sdrf-skills-autoresearch;VV=v0.0.0
PAD000003-C152_negative	Homo sapiens	Blood plasma	not available	not available	not available	C152	239	not applicable	blood plasma	PAD000003-r00239-C152_negative	protein expression profiling by aptamer array	1	raw_data.adat	ftp://ftp.pride.ebi.ac.uk/pride/data/archive/2025/03/PAD000003/raw_data.adat	SomaScan Assay	v4.1	RFU	P0029870	Raw RFU, Hyb Normalization, medNormInt (SampleId), plateScale, Calibration, medNormSMP	SomaScan 7K	SomaScan Assay v4.1	v1.1.0	NT=sdrf-skills-autoresearch;VV=v0.0.0
PAD000003-C23_positive_8	Homo sapiens	Blood plasma	not available	not available	not available	C23	240	not applicable	blood plasma	PAD000003-r00240-C23_positive_8	protein expression profiling by aptamer array	1	raw_data.adat	ftp://ftp.pride.ebi.ac.uk/pride/data/archive/2025/03/PAD000003/raw_data.adat	SomaScan Assay	v4.1	RFU	P0029870	Raw RFU, Hyb Normalization, medNormInt (SampleId), plateScale, Calibration, medNormSMP	SomaScan 7K	SomaScan Assay v4.1	v1.1.0	NT=sdrf-skills-autoresearch;VV=v0.0.0
PAD000003-C127_positive_5	Homo sapiens	Blood plasma	not available	not available	not available	C127	241	not applicable	blood plasma	PAD000003-r00241-C127_positive_5	protein expression profiling by aptamer array	1	raw_data.adat	ftp://ftp.pride.ebi.ac.uk/pride/data/archive/2025/03/PAD000003/raw_data.adat	SomaScan Assay	v4.1	RFU	P0029870	Raw RFU, Hyb Normalization, medNormInt (SampleId), plateScale, Calibration, medNormSMP	SomaScan 7K	SomaScan Assay v4.1	v1.1.0	NT=sdrf-skills-autoresearch;VV=v0.0.0